0	0	0	0	0	0
255	0	0	257	0	0
511	0	0	515	0	0
767	0	0	773	0	0
1023	0	0	1031	0	0
1279	0	0	1289	0	0
1535	0	0	1548	0	0
1791	0	0	1807	0	0
2047	0	0	2067	0	0
2303	0	0	2327	0	0
2559	0	0	2588	0	0
2815	0	0	2850	0	0
3071	0	0	3111	0	0
3327	0	0	3374	0	0
3583	0	0	3637	0	0
3839	0	0	3900	0	0
4095	0	0	4095	0	0
0	255	0	5	257	0
255	255	0	261	257	0
511	255	0	518	258	0
767	255	0	776	258	0
1023	255	0	1034	258	0
1279	255	0	1292	259	0
1535	255	0	1552	261	0
1791	255	0	1812	262	0
2047	255	0	2072	263	0
2303	255	0	2333	265	0
2559	255	0	2595	267	0
2815	255	0	2857	268	0
3071	255	0	3120	271	0
3327	255	0	3384	273	0
3583	255	0	3648	276	0
3839	255	0	3913	278	0
4095	255	0	4095	214	0
0	511	0	16	518	0
255	511	0	270	517	0
511	511	0	525	518	0
767	511	0	781	519	0
1023	511	0	1039	520	0
1279	511	0	1297	521	0
1535	511	0	1556	522	0
1791	511	0	1816	524	0
2047	511	0	2077	527	0
2303	511	0	2338	530	0
2559	511	0	2598	532	0
2815	511	0	2861	536	0
3071	511	0	3124	540	0
3327	511	0	3387	544	0
3583	511	0	3652	550	0
3839	511	0	3917	555	0
4095	511	0	4095	488	0
0	767	0	32	780	0
255	767	0	283	780	0
511	767	0	535	781	0
767	767	0	790	781	0
1023	767	0	1047	782	0
1279	767	0	1305	784	0
1535	767	0	1563	785	0
1791	767	0	1823	788	0
2047	767	0	2083	791	0
2303	767	0	2344	794	0
2559	767	0	2605	797	0
2815	767	0	2868	802	0
3071	767	0	3131	806	0
3327	767	0	3394	811	0
3583	767	0	3659	817	0
3839	767	0	3924	824	0
4095	767	0	4095	751	0
0	1023	0	54	1044	0
255	1023	0	302	1045	0
511	1023	0	549	1045	0
767	1023	0	802	1046	0
1023	1023	0	1058	1047	0
1279	1023	0	1316	1049	0
1535	1023	0	1574	1051	0
1791	1023	0	1833	1053	0
2047	1023	0	2093	1056	0
2303	1023	0	2353	1059	0
2559	1023	0	2615	1063	0
2815	1023	0	2877	1068	0
3071	1023	0	3140	1073	0
3327	1023	0	3403	1079	0
3583	1023	0	3667	1085	0
3839	1023	0	3933	1092	0
4095	1023	0	4095	1009	0
0	1279	0	86	1312	0
255	1279	0	326	1312	0
511	1279	0	568	1313	0
767	1279	0	819	1314	0
1023	1279	0	1073	1315	0
1279	1279	0	1330	1317	0
1535	1279	0	1587	1318	0
1791	1279	0	1846	1321	0
2047	1279	0	2106	1325	0
2303	1279	0	2367	1328	0
2559	1279	0	2628	1332	0
2815	1279	0	2890	1337	0
3071	1279	0	3152	1342	0
3327	1279	0	3416	1348	0
3583	1279	0	3680	1354	0
3839	1279	0	3945	1361	0
4095	1279	0	4095	1267	0
0	1535	0	125	1583	0
255	1535	0	357	1583	0
511	1535	0	593	1584	0
767	1535	0	839	1584	0
1023	1535	0	1093	1586	0
1279	1535	0	1348	1588	0
1535	1535	0	1605	1590	0
1791	1535	0	1864	1592	0
2047	1535	0	2122	1595	0
2303	1535	0	2383	1600	0
2559	1535	0	2644	1603	0
2815	1535	0	2906	1609	0
3071	1535	0	3169	1614	0
3327	1535	0	3431	1620	0
3583	1535	0	3696	1627	0
3839	1535	0	3961	1634	0
4095	1535	0	4095	1523	0
0	1791	0	173	1858	0
255	1791	0	394	1858	0
511	1791	0	621	1858	0
767	1791	0	865	1858	0
1023	1791	0	1116	1860	0
1279	1791	0	1371	1862	0
1535	1791	0	1627	1864	0
1791	1791	0	1884	1867	0
2047	1791	0	2143	1870	0
2303	1791	0	2404	1874	0
2559	1791	0	2664	1878	0
2815	1791	0	2926	1883	0
3071	1791	0	3188	1889	0
3327	1791	0	3451	1894	0
3583	1791	0	3715	1902	0
3839	1791	0	3980	1909	0
4095	1791	0	4095	1779	0
0	2047	0	230	2135	0
255	2047	0	436	2135	0
511	2047	0	656	2136	0
767	2047	0	896	2137	0
1023	2047	0	1144	2138	0
1279	2047	0	1397	2139	0
1535	2047	0	1653	2142	0
1791	2047	0	1909	2144	0
2047	2047	0	2168	2148	0
2303	2047	0	2427	2152	0
2559	2047	0	2688	2156	0
2815	2047	0	2949	2161	0
3071	2047	0	3211	2167	0
3327	2047	0	3474	2173	0
3583	2047	0	3738	2180	0
3839	2047	0	4002	2187	0
4095	2047	0	4095	2034	0
0	2303	0	297	2416	0
255	2303	0	484	2416	0
511	2303	0	696	2417	0
767	2303	0	932	2418	0
1023	2303	0	1177	2419	0
1279	2303	0	1428	2421	0
1535	2303	0	1683	2424	0
1791	2303	0	1939	2426	0
2047	2303	0	2196	2429	0
2303	2303	0	2455	2433	0
2559	2303	0	2715	2438	0
2815	2303	0	2976	2442	0
3071	2303	0	3238	2448	0
3327	2303	0	3501	2455	0
3583	2303	0	3764	2461	0
3839	2303	0	4029	2469	0
4095	2303	0	4095	2288	0
0	2559	0	367	2701	0
255	2559	0	539	2701	0
511	2559	0	742	2702	0
767	2559	0	973	2703	0
1023	2559	0	1215	2704	0
1279	2559	0	1464	2706	0
1535	2559	0	1718	2709	0
1791	2559	0	1972	2711	0
2047	2559	0	2229	2715	0
2303	2559	0	2488	2718	0
2559	2559	0	2747	2723	0
2815	2559	0	3008	2728	0
3071	2559	0	3269	2734	0
3327	2559	0	3532	2740	0
3583	2559	0	3795	2747	0
3839	2559	0	4059	2754	0
4095	2559	0	4095	2543	0
0	2815	0	442	2990	0
255	2815	0	599	2990	0
511	2815	0	794	2991	0
767	2815	0	1019	2992	0
1023	2815	0	1258	2993	0
1279	2815	0	1505	2995	0
1535	2815	0	1756	2997	0
1791	2815	0	2010	3000	0
2047	2815	0	2267	3004	0
2303	2815	0	2525	3008	0
2559	2815	0	2784	3012	0
2815	2815	0	3044	3017	0
3071	2815	0	3305	3023	0
3327	2815	0	3568	3030	0
3583	2815	0	3831	3036	0
3839	2815	0	4094	3044	0
4095	2815	0	4095	2796	0
0	3071	0	520	3284	0
255	3071	0	665	3284	0
511	3071	0	851	3285	0
767	3071	0	1071	3286	0
1023	3071	0	1306	3287	0
1279	3071	0	1551	3288	0
1535	3071	0	1800	3290	0
1791	3071	0	2053	3293	0
2047	3071	0	2309	3297	0
2303	3071	0	2566	3301	0
2559	3071	0	2825	3306	0
2815	3071	0	3084	3311	0
3071	3071	0	3345	3316	0
3327	3071	0	3607	3323	0
3583	3071	0	3870	3330	0
3839	3071	0	4095	3298	0
4095	3071	0	4095	3050	0
0	3327	0	603	3581	0
255	3327	0	738	3582	0
511	3327	0	914	3582	0
767	3327	0	1128	3583	0
1023	3327	0	1361	3585	0
1279	3327	0	1602	3586	0
1535	3327	0	1850	3589	0
1791	3327	0	2102	3591	0
2047	3327	0	2356	3594	0
2303	3327	0	2612	3598	0
2559	3327	0	2870	3603	0
2815	3327	0	3129	3608	0
3071	3327	0	3390	3614	0
3327	3327	0	3652	3620	0
3583	3327	0	3914	3627	0
3839	3327	0	4095	3553	0
4095	3327	0	4095	3302	0
0	3583	0	690	3883	0
255	3583	0	814	3883	0
511	3583	0	984	3884	0
767	3583	0	1192	3885	0
1023	3583	0	1419	3886	0
1279	3583	0	1658	3888	0
1535	3583	0	1904	3890	0
1791	3583	0	2154	3893	0
2047	3583	0	2408	3897	0
2303	3583	0	2663	3900	0
2559	3583	0	2921	3905	0
2815	3583	0	3179	3910	0
3071	3583	0	3439	3916	0
3327	3583	0	3701	3923	0
3583	3583	0	3963	3929	0
3839	3583	0	4095	3806	0
4095	3583	0	4095	3555	0
0	3839	0	688	4095	0
255	3839	0	803	4095	0
511	3839	0	964	4095	0
767	3839	0	1164	4095	0
1023	3839	0	1387	4095	0
1279	3839	0	1621	4095	0
1535	3839	0	1862	4095	0
1791	3839	0	2108	4095	0
2047	3839	0	2357	4095	0
2303	3839	0	2607	4095	0
2559	3839	0	2859	4095	0
2815	3839	0	3113	4095	0
3071	3839	0	3366	4095	0
3327	3839	0	3621	4095	0
3583	3839	0	3875	4095	0
3839	3839	0	4095	4060	0
4095	3839	0	4095	3806	0
0	4095	0	476	4095	0
255	4095	0	583	4095	0
511	4095	0	736	4095	0
767	4095	0	931	4095	0
1023	4095	0	1148	4095	0
1279	4095	0	1379	4095	0
1535	4095	0	1618	4095	0
1791	4095	0	1862	4095	0
2047	4095	0	2109	4095	0
2303	4095	0	2359	4095	0
2559	4095	0	2610	4095	0
2815	4095	0	2862	4095	0
3071	4095	0	3115	4095	0
3327	4095	0	3369	4095	0
3583	4095	0	3623	4095	0
3839	4095	0	3878	4095	0
4095	4095	0	4095	4058	0
0	0	255	5	1	224
255	0	255	260	1	223
511	0	255	516	1	223
767	0	255	772	0	222
1023	0	255	1030	0	222
1279	0	255	1289	0	223
1535	0	255	1547	0	223
1791	0	255	1806	0	222
2047	0	255	2066	0	222
2303	0	255	2326	0	222
2559	0	255	2587	0	222
2815	0	255	2848	0	221
3071	0	255	3110	0	221
3327	0	255	3372	0	220
3583	0	255	3635	0	219
3839	0	255	3899	0	219
4095	0	255	4095	0	165
0	255	255	8	256	222
255	255	255	263	256	222
511	255	255	517	256	221
767	255	255	773	255	220
1023	255	255	1029	254	219
1279	255	255	1286	253	218
1535	255	255	1543	252	216
1791	255	255	1800	250	213
2047	255	255	2057	248	211
2303	255	255	2313	246	207
2559	255	255	2570	243	203
2815	255	255	2827	240	198
3071	255	255	3084	236	193
3327	255	255	3341	232	187
3583	255	255	3598	227	180
3839	255	255	3855	222	173
4095	255	255	4095	215	163
0	511	255	14	512	219
255	511	255	267	512	219
511	511	255	520	512	218
767	511	255	775	512	217
1023	511	255	1031	511	216
1279	511	255	1287	510	215
1535	511	255	1544	510	213
1791	511	255	1800	509	210
2047	511	255	2057	508	207
2303	511	255	2314	506	204
2559	511	255	2571	505	200
2815	511	255	2828	503	195
3071	511	255	3085	501	190
3327	511	255	3341	499	184
3583	511	255	3598	496	177
3839	511	255	3855	494	169
4095	511	255	4095	489	160
0	767	255	25	768	214
255	767	255	274	768	214
511	767	255	524	768	213
767	767	255	777	768	212
1023	767	255	1033	767	211
1279	767	255	1288	767	210
1535	767	255	1545	767	208
1791	767	255	1801	766	205
2047	767	255	2058	765	202
2303	767	255	2315	764	199
2559	767	255	2571	763	195
2815	767	255	2828	762	190
3071	767	255	3085	761	184
3327	767	255	3342	759	178
3583	767	255	3599	758	171
3839	767	255	3856	756	163
4095	767	255	4095	751	154
0	1023	255	39	1024	207
255	1023	255	284	1024	206
511	1023	255	529	1024	206
767	1023	255	781	1024	205
1023	1023	255	1035	1024	204
1279	1023	255	1291	1023	202
1535	1023	255	1546	1023	200
1791	1023	255	1803	1023	198
2047	1023	255	2059	1022	195
2303	1023	255	2316	1021	191
2559	1023	255	2572	1021	187
2815	1023	255	2829	1020	182
3071	1023	255	3086	1019	176
3327	1023	255	3343	1018	170
3583	1023	255	3599	1017	163
3839	1023	255	3856	1016	154
4095	1023	255	4095	1010	145
0	1279	255	58	1280	197
255	1279	255	297	1280	196
511	1279	255	537	1280	196
767	1279	255	786	1280	195
1023	1279	255	1039	1280	194
1279	1279	255	1293	1280	192
1535	1279	255	1549	1280	190
1791	1279	255	1805	1279	187
2047	1279	255	2061	1279	184
2303	1279	255	2317	1278	180
2559	1279	255	2573	1278	176
2815	1279	255	2830	1277	171
3071	1279	255	3087	1276	165
3327	1279	255	3343	1276	158
3583	1279	255	3600	1275	151
3839	1279	255	3857	1274	143
4095	1279	255	4095	1267	133
0	1535	255	83	1537	183
255	1535	255	313	1537	183
511	1535	255	546	1536	183
767	1535	255	793	1536	182
1023	1535	255	1044	1536	180
1279	1535	255	1297	1536	179
1535	1535	255	1552	1536	176
1791	1535	255	1807	1536	174
2047	1535	255	2063	1535	170
2303	1535	255	2319	1535	166
2559	1535	255	2575	1534	162
2815	1535	255	2831	1534	156
3071	1535	255	3088	1533	150
3327	1535	255	3345	1533	144
3583	1535	255	3601	1532	136
3839	1535	255	3858	1531	128
4095	1535	255	4095	1523	119
0	1791	255	113	1793	166
255	1791	255	332	1793	166
511	1791	255	558	1793	166
767	1791	255	800	1793	165
1023	1791	255	1049	1793	163
1279	1791	255	1301	1792	161
1535	1791	255	1555	1792	159
1791	1791	255	1810	1792	156
2047	1791	255	2065	1792	153
2303	1791	255	2321	1791	148
2559	1791	255	2577	1791	144
2815	1791	255	2833	1791	138
3071	1791	255	3089	1790	132
3327	1791	255	3346	1790	126
3583	1791	255	3602	1789	118
3839	1791	255	3859	1788	110
4095	1791	255	4095	1779	101
0	2047	255	149	2049	145
255	2047	255	353	2049	145
511	2047	255	571	2049	144
767	2047	255	809	2049	143
1023	2047	255	1056	2049	142
1279	2047	255	1307	2049	140
1535	2047	255	1559	2048	137
1791	2047	255	1813	2048	135
2047	2047	255	2068	2048	131
2303	2047	255	2323	2048	127
2559	2047	255	2579	2047	122
2815	2047	255	2835	2047	117
3071	2047	255	3091	2047	111
3327	2047	255	3347	2046	104
3583	2047	255	3604	2046	97
3839	2047	255	3860	2045	89
4095	2047	255	4095	2034	80
0	2303	255	190	2305	120
255	2303	255	376	2305	120
511	2303	255	586	2305	119
767	2303	255	820	2305	118
1023	2303	255	1064	2305	117
1279	2303	255	1313	2305	115
1535	2303	255	1564	2305	112
1791	2303	255	1818	2305	109
2047	2303	255	2072	2304	106
2303	2303	255	2326	2304	102
2559	2303	255	2582	2304	97
2815	2303	255	2837	2304	92
3071	2303	255	3093	2303	86
3327	2303	255	3349	2303	79
3583	2303	255	3606	2302	72
3839	2303	255	3862	2302	64
4095	2303	255	4095	2288	55
0	2559	255	231	2561	91
255	2559	255	401	2561	91
511	2559	255	603	2561	90
767	2559	255	832	2561	89
1023	2559	255	1073	2561	88
1279	2559	255	1320	2561	86
1535	2559	255	1570	2561	83
1791	2559	255	1822	2561	81
2047	2559	255	2076	2561	77
2303	2559	255	2330	2560	73
2559	2559	255	2585	2560	68
2815	2559	255	2840	2560	63
3071	2559	255	3096	2560	57
3327	2559	255	3351	2559	50
3583	2559	255	3607	2559	43
3839	2559	255	3864	2558	35
4095	2559	255	4095	2543	26
0	2815	255	272	2818	58
255	2815	255	429	2818	58
511	2815	255	622	2817	57
767	2815	255	845	2817	56
1023	2815	255	1083	2817	55
1279	2815	255	1328	2817	53
1535	2815	255	1576	2817	51
1791	2815	255	1828	2817	48
2047	2815	255	2080	2817	44
2303	2815	255	2334	2817	40
2559	2815	255	2588	2817	35
2815	2815	255	2843	2816	30
3071	2815	255	3098	2816	24
3327	2815	255	3354	2816	17
3583	2815	255	3610	2815	10
3839	2815	255	3866	2815	2
4095	2815	255	4095	2796	0
0	3071	255	313	3074	21
255	3071	255	457	3074	21
511	3071	255	642	3074	20
767	3071	255	860	3074	19
1023	3071	255	1094	3074	18
1279	3071	255	1337	3074	16
1535	3071	255	1584	3073	13
1791	3071	255	1834	3073	11
2047	3071	255	2085	3073	7
2303	3071	255	2338	3073	3
2559	3071	255	2594	3075	0
2815	3071	255	2854	3080	0
3071	3071	255	3114	3085	0
3327	3071	255	3377	3092	0
3583	3071	255	3639	3099	0
3839	3071	255	3903	3106	0
4095	3071	255	4095	3050	0
0	3327	255	375	3350	0
255	3327	255	509	3351	0
511	3327	255	685	3351	0
767	3327	255	898	3352	0
1023	3327	255	1131	3354	0
1279	3327	255	1371	3355	0
1535	3327	255	1620	3358	0
1791	3327	255	1871	3361	0
2047	3327	255	2125	3363	0
2303	3327	255	2381	3367	0
2559	3327	255	2639	3372	0
2815	3327	255	2898	3377	0
3071	3327	255	3159	3383	0
3327	3327	255	3421	3389	0
3583	3327	255	3683	3396	0
3839	3327	255	3946	3404	0
4095	3327	255	4095	3302	0
0	3583	255	462	3652	0
255	3583	255	585	3652	0
511	3583	255	754	3653	0
767	3583	255	962	3654	0
1023	3583	255	1189	3655	0
1279	3583	255	1428	3657	0
1535	3583	255	1673	3659	0
1791	3583	255	1924	3662	0
2047	3583	255	2177	3666	0
2303	3583	255	2433	3670	0
2559	3583	255	2690	3674	0
2815	3583	255	2949	3679	0
3071	3583	255	3209	3685	0
3327	3583	255	3470	3692	0
3583	3583	255	3732	3699	0
3839	3583	255	3995	3706	0
4095	3583	255	4095	3555	0
0	3839	255	553	3958	0
255	3839	255	668	3958	0
511	3839	255	829	3959	0
767	3839	255	1030	3960	0
1023	3839	255	1254	3961	0
1279	3839	255	1490	3963	0
1535	3839	255	1734	3966	0
1791	3839	255	1983	3969	0
2047	3839	255	2234	3972	0
2303	3839	255	2488	3976	0
2559	3839	255	2745	3981	0
2815	3839	255	3003	3985	0
3071	3839	255	3263	3991	0
3327	3839	255	3524	3998	0
3583	3839	255	3785	4005	0
3839	3839	255	4048	4013	0
4095	3839	255	4095	3806	0
0	4095	255	478	4095	0
255	4095	255	585	4095	0
511	4095	255	738	4095	0
767	4095	255	932	4095	0
1023	4095	255	1149	4095	0
1279	4095	255	1380	4095	0
1535	4095	255	1619	4095	0
1791	4095	255	1863	4095	0
2047	4095	255	2110	4095	0
2303	4095	255	2359	4095	0
2559	4095	255	2610	4095	0
2815	4095	255	2862	4095	0
3071	4095	255	3115	4095	0
3327	4095	255	3369	4095	0
3583	4095	255	3623	4095	0
3839	4095	255	3878	4095	0
4095	4095	255	4095	4057	0
0	0	511	13	4	463
255	0	511	267	4	463
511	0	511	519	3	463
767	0	511	774	2	462
1023	0	511	1030	1	462
1279	0	511	1287	0	461
1535	0	511	1545	0	462
1791	0	511	1804	0	462
2047	0	511	2064	0	464
2303	0	511	2324	0	465
2559	0	511	2585	0	467
2815	0	511	2847	0	469
3071	0	511	3107	0	471
3327	0	511	3370	0	474
3583	0	511	3633	0	476
3839	0	511	3896	0	478
4095	0	511	4095	0	431
0	255	511	17	258	462
255	255	511	269	258	462
511	255	511	521	258	462
767	255	511	775	257	461
1023	255	511	1031	256	461
1279	255	511	1287	255	460
1535	255	511	1544	254	459
1791	255	511	1800	252	457
2047	255	511	2057	250	456
2303	255	511	2314	248	454
2559	255	511	2571	245	452
2815	255	511	2828	241	449
3071	255	511	3085	238	447
3327	255	511	3342	234	444
3583	255	511	3598	229	440
3839	255	511	3855	224	436
4095	255	511	4095	217	430
0	511	511	23	513	460
255	511	511	273	513	460
511	511	511	523	513	460
767	511	511	777	513	460
1023	511	511	1032	512	459
1279	511	511	1288	512	458
1535	511	511	1545	511	457
1791	511	511	1801	510	456
2047	511	511	2058	509	454
2303	511	511	2314	507	452
2559	511	511	2571	506	450
2815	511	511	2828	504	448
3071	511	511	3085	502	445
3327	511	511	3342	500	442
3583	511	511	3599	497	438
3839	511	511	3856	495	435
4095	511	511	4095	490	429
0	767	511	33	769	458
255	767	511	280	769	458
511	767	511	527	769	457
767	767	511	780	768	457
1023	767	511	1034	768	456
1279	767	511	1290	768	455
1535	767	511	1546	767	454
1791	767	511	1802	767	453
2047	767	511	2059	766	451
2303	767	511	2315	765	450
2559	767	511	2572	764	447
2815	767	511	2829	763	445
3071	767	511	3085	762	442
3327	767	511	3342	760	439
3583	767	511	3599	759	436
3839	767	511	3856	757	432
4095	767	511	4095	752	426
0	1023	511	48	1025	454
255	1023	511	290	1025	454
511	1023	511	533	1025	453
767	1023	511	783	1024	453
1023	1023	511	1037	1024	452
1279	1023	511	1292	1024	452
1535	1023	511	1547	1024	450
1791	1023	511	1804	1023	449
2047	1023	511	2060	1023	448
2303	1023	511	2316	1022	446
2559	1023	511	2573	1021	443
2815	1023	511	2829	1020	441
3071	1023	511	3086	1019	438
3327	1023	511	3343	1018	435
3583	1023	511	3600	1017	432
3839	1023	511	3857	1016	428
4095	1023	511	4095	1010	422
0	1279	511	67	1281	449
255	1279	511	303	1281	448
511	1279	511	540	1281	448
767	1279	511	788	1281	448
1023	1279	511	1041	1280	447
1279	1279	511	1295	1280	446
1535	1279	511	1550	1280	445
1791	1279	511	1805	1280	444
2047	1279	511	2061	1279	442
2303	1279	511	2318	1279	440
2559	1279	511	2574	1278	438
2815	1279	511	2831	1277	436
3071	1279	511	3087	1277	433
3327	1279	511	3344	1276	430
3583	1279	511	3601	1275	426
3839	1279	511	3857	1274	422
4095	1279	511	4095	1267	416
0	1535	511	92	1537	442
255	1535	511	318	1537	442
511	1535	511	550	1537	441
767	1535	511	795	1537	441
1023	1535	511	1045	1537	440
1279	1535	511	1298	1536	439
1535	1535	511	1553	1536	438
1791	1535	511	1808	1536	437
2047	1535	511	2063	1536	435
2303	1535	511	2319	1535	433
2559	1535	511	2576	1535	431
2815	1535	511	2832	1534	429
3071	1535	511	3088	1534	426
3327	1535	511	3345	1533	423
3583	1535	511	3602	1532	419
3839	1535	511	3858	1531	415
4095	1535	511	4095	1523	409
0	1791	511	122	1793	433
255	1791	511	337	1793	433
511	1791	511	561	1793	433
767	1791	511	802	1793	433
1023	1791	511	1051	1793	432
1279	1791	511	1303	1793	431
1535	1791	511	1556	1792	430
1791	1791	511	1811	1792	428
2047	1791	511	2066	1792	427
2303	1791	511	2322	1792	425
2559	1791	511	2577	1791	423
2815	1791	511	2834	1791	420
3071	1791	511	3090	1790	417
3327	1791	511	3346	1790	414
3583	1791	511	3603	1789	410
3839	1791	511	3859	1789	406
4095	1791	511	4095	1779	400
0	2047	511	158	2049	423
255	2047	511	357	2049	423
511	2047	511	574	2049	423
767	2047	511	812	2049	422
1023	2047	511	1058	2049	422
1279	2047	511	1308	2049	421
1535	2047	511	1560	2049	419
1791	2047	511	1814	2048	418
2047	2047	511	2069	2048	416
2303	2047	511	2324	2048	414
2559	2047	511	2580	2048	412
2815	2047	511	2836	2047	409
3071	2047	511	3092	2047	406
3327	2047	511	3348	2046	403
3583	2047	511	3604	2046	399
3839	2047	511	3861	2045	395
4095	2047	511	4095	2034	388
0	2303	511	198	2305	411
255	2303	511	380	2305	411
511	2303	511	589	2305	410
767	2303	511	822	2305	410
1023	2303	511	1066	2305	409
1279	2303	511	1314	2305	408
1535	2303	511	1565	2305	407
1791	2303	511	1818	2305	406
2047	2303	511	2072	2305	404
2303	2303	511	2327	2304	402
2559	2303	511	2582	2304	399
2815	2303	511	2838	2304	397
3071	2303	511	3094	2303	394
3327	2303	511	3350	2303	390
3583	2303	511	3606	2303	386
3839	2303	511	3862	2302	382
4095	2303	511	4095	2288	375
0	2559	511	238	2561	396
255	2559	511	406	2561	396
511	2559	511	606	2561	396
767	2559	511	834	2561	395
1023	2559	511	1074	2561	395
1279	2559	511	1321	2561	394
1535	2559	511	1571	2561	392
1791	2559	511	1823	2561	391
2047	2559	511	2076	2561	389
2303	2559	511	2331	2561	387
2559	2559	511	2585	2560	384
2815	2559	511	2841	2560	382
3071	2559	511	3096	2560	378
3327	2559	511	3352	2559	375
3583	2559	511	3608	2559	371
3839	2559	511	3864	2559	366
4095	2559	511	4095	2543	359
0	2815	511	278	2818	379
255	2815	511	433	2818	379
511	2815	511	624	2818	378
767	2815	511	847	2818	378
1023	2815	511	1085	2818	377
1279	2815	511	1329	2817	376
1535	2815	511	1577	2817	375
1791	2815	511	1828	2817	373
2047	2815	511	2081	2817	371
2303	2815	511	2334	2817	369
2559	2815	511	2589	2817	367
2815	2815	511	2844	2816	364
3071	2815	511	3099	2816	360
3327	2815	511	3354	2816	357
3583	2815	511	3610	2816	352
3839	2815	511	3866	2815	348
4095	2815	511	4095	2796	340
0	3071	511	319	3074	359
255	3071	511	461	3074	359
511	3071	511	645	3074	358
767	3071	511	862	3074	358
1023	3071	511	1096	3074	357
1279	3071	511	1338	3074	356
1535	3071	511	1585	3074	354
1791	3071	511	1834	3073	353
2047	3071	511	2086	3073	351
2303	3071	511	2339	3073	349
2559	3071	511	2593	3073	346
2815	3071	511	2847	3073	343
3071	3071	511	3102	3072	339
3327	3071	511	3357	3072	335
3583	3071	511	3613	3072	331
3839	3071	511	3868	3072	326
4095	3071	511	4095	3050	318
0	3327	511	359	3330	335
255	3327	511	491	3330	335
511	3327	511	667	3330	334
767	3327	511	878	3330	334
1023	3327	511	1108	3330	333
1279	3327	511	1348	3330	332
1535	3327	511	1593	3330	330
1791	3327	511	1841	3330	329
2047	3327	511	2092	3330	327
2303	3327	511	2344	3329	324
2559	3327	511	2597	3329	321
2815	3327	511	2851	3329	318
3071	3327	511	3105	3329	314
3327	3327	511	3360	3329	310
3583	3327	511	3615	3328	305
3839	3327	511	3871	3328	300
4095	3327	511	4095	3302	292
0	3583	511	400	3586	307
255	3583	511	523	3586	307
511	3583	511	690	3586	306
767	3583	511	896	3586	306
1023	3583	511	1121	3586	305
1279	3583	511	1358	3586	303
1535	3583	511	1601	3586	302
1791	3583	511	1848	3586	300
2047	3583	511	2098	3586	298
2303	3583	511	2349	3586	295
2559	3583	511	2602	3585	292
2815	3583	511	2855	3585	288
3071	3583	511	3109	3585	284
3327	3583	511	3363	3585	280
3583	3583	511	3618	3585	275
3839	3583	511	3874	3584	269
4095	3583	511	4095	3555	261
0	3839	511	441	3842	273
255	3839	511	555	3842	273
511	3839	511	715	3842	273
767	3839	511	914	3842	272
1023	3839	511	1136	3842	271
1279	3839	511	1370	3842	270
1535	3839	511	1611	3842	268
1791	3839	511	1856	3842	266
2047	3839	511	2105	3842	263
2303	3839	511	2355	3842	260
2559	3839	511	2607	3842	257
2815	3839	511	2860	3842	253
3071	3839	511	3113	3841	249
3327	3839	511	3367	3841	244
3583	3839	511	3622	3841	238
3839	3839	511	3877	3841	232
4095	3839	511	4095	3806	222
0	4095	511	482	4095	232
255	4095	511	588	4095	232
511	4095	511	740	4095	232
767	4095	511	934	4095	231
1023	4095	511	1151	4095	230
1279	4095	511	1381	4095	228
1535	4095	511	1620	4095	226
1791	4095	511	1864	4095	224
2047	4095	511	2110	4095	221
2303	4095	511	2360	4095	218
2559	4095	511	2611	4095	214
2815	4095	511	2863	4095	210
3071	4095	511	3116	4095	205
3327	4095	511	3369	4095	199
3583	4095	511	3623	4095	192
3839	4095	511	3878	4095	185
4095	4095	511	4095	4057	175
0	0	767	27	8	702
255	0	767	276	8	702
511	0	767	525	7	702
767	0	767	778	7	702
1023	0	767	1033	5	701
1279	0	767	1289	4	701
1535	0	767	1545	2	700
1791	0	767	1802	0	699
2047	0	767	2061	0	701
2303	0	767	2321	0	703
2559	0	767	2582	0	706
2815	0	767	2842	0	708
3071	0	767	3104	0	711
3327	0	767	3367	0	715
3583	0	767	3629	0	718
3839	0	767	3893	0	723
4095	0	767	4095	0	680
0	255	767	31	261	702
255	255	767	279	261	702
511	255	767	526	261	701
767	255	767	779	260	701
1023	255	767	1034	259	701
1279	255	767	1289	258	700
1535	255	767	1545	257	700
1791	255	767	1802	255	699
2047	255	767	2058	253	698
2303	255	767	2315	251	696
2559	255	767	2572	248	695
2815	255	767	2829	245	693
3071	255	767	3085	241	692
3327	255	767	3342	237	690
3583	255	767	3599	232	688
3839	255	767	3856	227	685
4095	255	767	4095	220	679
0	511	767	37	515	701
255	511	767	283	515	701
511	511	767	529	515	700
767	511	767	781	514	700
1023	511	767	1035	514	700
1279	511	767	1290	513	699
1535	511	767	1546	512	698
1791	511	767	1802	511	698
2047	511	767	2059	510	697
2303	511	767	2315	509	695
2559	511	767	2572	508	694
2815	511	767	2829	506	692
3071	511	767	3086	504	691
3327	511	767	3342	502	689
3583	511	767	3599	499	686
3839	511	767	3856	496	684
4095	511	767	4095	491	678
0	767	767	47	770	699
255	767	767	290	770	699
511	767	767	533	770	699
767	767	767	783	770	698
1023	767	767	1037	769	698
1279	767	767	1292	769	697
1535	767	767	1547	768	697
1791	767	767	1803	768	696
2047	767	767	2060	767	695
2303	767	767	2316	766	694
2559	767	767	2573	765	692
2815	767	767	2829	764	691
3071	767	767	3086	763	689
3327	767	767	3343	761	687
3583	767	767	3600	760	685
3839	767	767	3857	758	682
4095	767	767	4095	753	676
0	1023	767	62	1026	696
255	1023	767	299	1026	696
511	1023	767	538	1025	696
767	1023	767	787	1025	696
1023	1023	767	1040	1025	695
1279	1023	767	1294	1025	695
1535	1023	767	1549	1024	694
1791	1023	767	1805	1024	693
2047	1023	767	2061	1023	692
2303	1023	767	2317	1023	691
2559	1023	767	2574	1022	690
2815	1023	767	2830	1021	688
3071	1023	767	3087	1020	686
3327	1023	767	3344	1019	684
3583	1023	767	3600	1018	682
3839	1023	767	3857	1017	680
4095	1023	767	4095	1011	674
0	1279	767	81	1281	693
255	1279	767	312	1281	693
511	1279	767	546	1281	693
767	1279	767	792	1281	692
1023	1279	767	1043	1281	692
1279	1279	767	1297	1281	691
1535	1279	767	1551	1281	691
1791	1279	767	1807	1280	690
2047	1279	767	2063	1280	689
2303	1279	767	2319	1279	688
2559	1279	767	2575	1279	686
2815	1279	767	2831	1278	685
3071	1279	767	3088	1277	683
3327	1279	767	3344	1277	681
3583	1279	767	3601	1276	678
3839	1279	767	3858	1275	676
4095	1279	767	4095	1268	670
0	1535	767	106	1537	689
255	1535	767	327	1537	688
511	1535	767	555	1537	688
767	1535	767	798	1537	688
1023	1535	767	1048	1537	688
1279	1535	767	1300	1537	687
1535	1535	767	1554	1537	686
1791	1535	767	1809	1536	685
2047	1535	767	2065	1536	684
2303	1535	767	2320	1536	683
2559	1535	767	2576	1535	682
2815	1535	767	2833	1535	680
3071	1535	767	3089	1534	678
3327	1535	767	3346	1533	676
3583	1535	767	3602	1533	674
3839	1535	767	3859	1532	672
4095	1535	767	4095	1524	665
0	1791	767	136	1793	683
255	1791	767	345	1793	683
511	1791	767	566	1793	683
767	1791	767	806	1793	683
1023	1791	767	1054	1793	682
1279	1791	767	1305	1793	682
1535	1791	767	1558	1793	681
1791	1791	767	1812	1793	680
2047	1791	767	2067	1792	679
2303	1791	767	2323	1792	678
2559	1791	767	2578	1792	676
2815	1791	767	2834	1791	675
3071	1791	767	3091	1791	673
3327	1791	767	3347	1790	671
3583	1791	767	3603	1790	668
3839	1791	767	3860	1789	666
4095	1791	767	4095	1779	660
0	2047	767	172	2050	677
255	2047	767	365	2049	677
511	2047	767	579	2049	676
767	2047	767	815	2049	676
1023	2047	767	1060	2049	676
1279	2047	767	1310	2049	675
1535	2047	767	1562	2049	674
1791	2047	767	1816	2049	673
2047	2047	767	2070	2049	672
2303	2047	767	2325	2048	671
2559	2047	767	2581	2048	670
2815	2047	767	2836	2048	668
3071	2047	767	3092	2047	666
3327	2047	767	3348	2047	664
3583	2047	767	3605	2046	662
3839	2047	767	3861	2046	659
4095	2047	767	4095	2034	653
0	2303	767	210	2306	669
255	2303	767	388	2306	669
511	2303	767	594	2306	669
767	2303	767	826	2306	668
1023	2303	767	1068	2305	668
1279	2303	767	1316	2305	667
1535	2303	767	1567	2305	667
1791	2303	767	1820	2305	666
2047	2303	767	2074	2305	665
2303	2303	767	2328	2305	663
2559	2303	767	2583	2304	662
2815	2303	767	2839	2304	660
3071	2303	767	3094	2304	658
3327	2303	767	3350	2303	656
3583	2303	767	3606	2303	654
3839	2303	767	3863	2302	651
4095	2303	767	4095	2288	645
0	2559	767	248	2562	660
255	2559	767	413	2562	660
511	2559	767	611	2562	660
767	2559	767	837	2562	659
1023	2559	767	1077	2562	659
1279	2559	767	1323	2561	658
1535	2559	767	1573	2561	658
1791	2559	767	1824	2561	657
2047	2559	767	2078	2561	656
2303	2559	767	2332	2561	654
2559	2559	767	2586	2561	653
2815	2559	767	2841	2560	651
3071	2559	767	3097	2560	649
3327	2559	767	3352	2560	647
3583	2559	767	3608	2559	645
3839	2559	767	3864	2559	642
4095	2559	767	4095	2543	635
0	2815	767	288	2818	650
255	2815	767	439	2818	649
511	2815	767	629	2818	649
767	2815	767	851	2818	649
1023	2815	767	1087	2818	649
1279	2815	767	1331	2818	648
1535	2815	767	1579	2818	647
1791	2815	767	1830	2817	646
2047	2815	767	2082	2817	645
2303	2815	767	2335	2817	644
2559	2815	767	2590	2817	642
2815	2815	767	2844	2817	641
3071	2815	767	3099	2816	639
3327	2815	767	3355	2816	636
3583	2815	767	3611	2816	634
3839	2815	767	3866	2815	631
4095	2815	767	4095	2796	624
0	3071	767	327	3074	638
255	3071	767	467	3074	638
511	3071	767	649	3074	637
767	3071	767	865	3074	637
1023	3071	767	1098	3074	637
1279	3071	767	1340	3074	636
1535	3071	767	1586	3074	635
1791	3071	767	1836	3074	634
2047	3071	767	2087	3074	633
2303	3071	767	2340	3073	632
2559	3071	767	2593	3073	630
2815	3071	767	2848	3073	629
3071	3071	767	3103	3073	627
3327	3071	767	3358	3072	624
3583	3071	767	3613	3072	622
3839	3071	767	3869	3072	619
4095	3071	767	4095	3049	612
0	3327	767	367	3330	624
255	3327	767	497	3330	624
511	3327	767	671	3330	624
767	3327	767	881	3330	624
1023	3327	767	1110	3330	623
1279	3327	767	1349	3330	622
1535	3327	767	1594	3330	622
1791	3327	767	1842	3330	621
2047	3327	767	2093	3330	620
2303	3327	767	2345	3330	618
2559	3327	767	2598	3329	617
2815	3327	767	2852	3329	615
3071	3327	767	3106	3329	613
3327	3327	767	3361	3329	610
3583	3327	767	3616	3328	608
3839	3327	767	3871	3328	605
4095	3327	767	4095	3302	598
0	3583	767	407	3586	609
255	3583	767	528	3586	609
511	3583	767	694	3586	608
767	3583	767	899	3586	608
1023	3583	767	1124	3586	608
1279	3583	767	1360	3586	607
1535	3583	767	1603	3586	606
1791	3583	767	1850	3586	605
2047	3583	767	2099	3586	604
2303	3583	767	2350	3586	603
2559	3583	767	2602	3586	601
2815	3583	767	2856	3585	599
3071	3583	767	3110	3585	597
3327	3583	767	3364	3585	595
3583	3583	767	3619	3585	592
3839	3583	767	3874	3585	589
4095	3583	767	4095	3554	581
0	3839	767	448	3843	591
255	3839	767	560	3843	591
511	3839	767	719	3843	591
767	3839	767	917	3843	591
1023	3839	767	1138	3842	590
1279	3839	767	1372	3842	590
1535	3839	767	1612	3842	589
1791	3839	767	1858	3842	588
2047	3839	767	2106	3842	587
2303	3839	767	2356	3842	585
2559	3839	767	2608	3842	583
2815	3839	767	2860	3842	582
3071	3839	767	3114	3842	579
3327	3839	767	3368	3841	577
3583	3839	767	3622	3841	574
3839	3839	767	3877	3841	571
4095	3839	767	4095	3806	563
0	4095	767	488	4095	571
255	4095	767	593	4095	571
511	4095	767	744	4095	571
767	4095	767	937	4095	571
1023	4095	767	1153	4095	570
1279	4095	767	1383	4095	570
1535	4095	767	1621	4095	569
1791	4095	767	1865	4095	568
2047	4095	767	2112	4095	566
2303	4095	767	2361	4095	565
2559	4095	767	2611	4095	563
2815	4095	767	2863	4095	561
3071	4095	767	3116	4095	559
3327	4095	767	3370	4095	557
3583	4095	767	3624	4095	554
3839	4095	767	3878	4095	551
4095	4095	767	4095	4057	542
0	0	1023	47	14	942
255	0	1023	290	14	942
511	0	1023	533	13	941
767	0	1023	783	13	941
1023	0	1023	1037	11	941
1279	0	1023	1292	10	941
1535	0	1023	1547	8	940
1791	0	1023	1803	6	939
2047	0	1023	2060	3	939
2303	0	1023	2316	0	938
2559	0	1023	2577	0	941
2815	0	1023	2837	0	944
3071	0	1023	3099	0	947
3327	0	1023	3362	0	952
3583	0	1023	3624	0	955
3839	0	1023	3888	0	961
4095	0	1023	4095	0	924
0	255	1023	51	266	941
255	255	1023	292	265	941
511	255	1023	534	265	941
767	255	1023	784	265	941
1023	255	1023	1038	264	941
1279	255	1023	1292	263	940
1535	255	1023	1548	261	940
1791	255	1023	1804	260	939
2047	255	1023	2060	258	938
2303	255	1023	2316	255	937
2559	255	1023	2573	252	936
2815	255	1023	2830	249	935
3071	255	1023	3086	246	934
3327	255	1023	3343	241	933
3583	255	1023	3600	237	931
3839	255	1023	3857	232	929
4095	255	1023	4095	225	923
0	511	1023	57	517	940
255	511	1023	296	517	940
511	511	1023	536	517	940
767	511	1023	786	517	940
1023	511	1023	1039	516	940
1279	511	1023	1293	516	939
1535	511	1023	1549	515	939
1791	511	1023	1804	514	938
2047	511	1023	2061	513	937
2303	511	1023	2317	511	937
2559	511	1023	2573	510	936
2815	511	1023	2830	508	934
3071	511	1023	3087	506	933
3327	511	1023	3343	504	932
3583	511	1023	3600	502	930
3839	511	1023	3857	499	928
4095	511	1023	4095	494	922
0	767	1023	67	772	939
255	767	1023	303	771	939
511	767	1023	540	771	939
767	767	1023	788	771	939
1023	767	1023	1041	771	938
1279	767	1023	1295	770	938
1535	767	1023	1550	770	938
1791	767	1023	1805	769	937
2047	767	1023	2061	769	936
2303	767	1023	2318	768	935
2559	767	1023	2574	767	934
2815	767	1023	2831	766	933
3071	767	1023	3087	764	932
3327	767	1023	3344	763	930
3583	767	1023	3601	761	929
3839	767	1023	3857	759	927
4095	767	1023	4095	754	921
0	1023	1023	82	1027	937
255	1023	1023	312	1027	937
511	1023	1023	546	1027	937
767	1023	1023	792	1026	937
1023	1023	1023	1043	1026	937
1279	1023	1023	1297	1026	936
1535	1023	1023	1552	1026	936
1791	1023	1023	1807	1025	935
2047	1023	1023	2063	1025	934
2303	1023	1023	2319	1024	933
2559	1023	1023	2575	1023	932
2815	1023	1023	2831	1022	931
3071	1023	1023	3088	1021	930
3327	1023	1023	3344	1020	929
3583	1023	1023	3601	1019	927
3839	1023	1023	3858	1018	925
4095	1023	1023	4095	1012	919
0	1279	1023	101	1282	935
255	1279	1023	324	1282	935
511	1279	1023	553	1282	935
767	1279	1023	797	1282	934
1023	1279	1023	1047	1282	934
1279	1279	1023	1300	1282	934
1535	1279	1023	1554	1281	933
1791	1279	1023	1809	1281	933
2047	1279	1023	2064	1281	932
2303	1279	1023	2320	1280	931
2559	1279	1023	2576	1280	930
2815	1279	1023	2832	1279	929
3071	1279	1023	3089	1278	928
3327	1279	1023	3345	1277	926
3583	1279	1023	3602	1277	925
3839	1279	1023	3859	1276	923
4095	1279	1023	4095	1268	916
0	1535	1023	126	1538	932
255	1535	1023	339	1538	932
511	1535	1023	562	1538	932
767	1535	1023	803	1538	931
1023	1535	1023	1052	1538	931
1279	1535	1023	1303	1538	931
1535	1535	1023	1557	1537	930
1791	1535	1023	1811	1537	929
2047	1535	1023	2066	1537	929
2303	1535	1023	2322	1536	928
2559	1535	1023	2578	1536	927
2815	1535	1023	2834	1535	926
3071	1535	1023	3090	1535	924
3327	1535	1023	3346	1534	923
3583	1535	1023	3603	1533	921
3839	1535	1023	3859	1533	920
4095	1535	1023	4095	1524	913
0	1791	1023	156	1794	928
255	1791	1023	356	1794	928
511	1791	1023	573	1794	928
767	1791	1023	811	1794	927
1023	1791	1023	1057	1794	927
1279	1791	1023	1308	1794	927
1535	1791	1023	1560	1793	926
1791	1791	1023	1814	1793	926
2047	1791	1023	2069	1793	925
2303	1791	1023	2324	1793	924
2559	1791	1023	2580	1792	923
2815	1791	1023	2835	1792	922
3071	1791	1023	3092	1791	920
3327	1791	1023	3348	1791	919
3583	1791	1023	3604	1790	917
3839	1791	1023	3861	1790	916
4095	1791	1023	4095	1779	909
0	2047	1023	190	2050	923
255	2047	1023	376	2050	923
511	2047	1023	586	2050	923
767	2047	1023	820	2050	923
1023	2047	1023	1064	2050	922
1279	2047	1023	1313	2050	922
1535	2047	1023	1564	2050	922
1791	2047	1023	1818	2049	921
2047	2047	1023	2072	2049	920
2303	2047	1023	2327	2049	919
2559	2047	1023	2582	2048	918
2815	2047	1023	2837	2048	917
3071	2047	1023	3093	2048	916
3327	2047	1023	3349	2047	914
3583	2047	1023	3606	2047	913
3839	2047	1023	3862	2046	911
4095	2047	1023	4095	2034	904
0	2303	1023	226	2306	918
255	2303	1023	398	2306	918
511	2303	1023	601	2306	918
767	2303	1023	830	2306	917
1023	2303	1023	1072	2306	917
1279	2303	1023	1319	2306	917
1535	2303	1023	1569	2306	916
1791	2303	1023	1822	2305	915
2047	2303	1023	2075	2305	915
2303	2303	1023	2330	2305	914
2559	2303	1023	2584	2305	913
2815	2303	1023	2840	2304	912
3071	2303	1023	3095	2304	910
3327	2303	1023	3351	2304	909
3583	2303	1023	3607	2303	907
3839	2303	1023	3863	2303	905
4095	2303	1023	4095	2288	898
0	2559	1023	263	2562	911
255	2559	1023	422	2562	911
511	2559	1023	617	2562	911
767	2559	1023	842	2562	911
1023	2559	1023	1081	2562	911
1279	2559	1023	1326	2562	910
1535	2559	1023	1575	2562	910
1791	2559	1023	1826	2562	909
2047	2559	1023	2079	2561	908
2303	2559	1023	2333	2561	907
2559	2559	1023	2587	2561	906
2815	2559	1023	2842	2561	905
3071	2559	1023	3098	2560	904
3327	2559	1023	3353	2560	902
3583	2559	1023	3609	2560	901
3839	2559	1023	3865	2559	899
4095	2559	1023	4095	2542	891
0	2815	1023	301	2818	904
255	2815	1023	448	2818	904
511	2815	1023	636	2818	904
767	2815	1023	855	2818	904
1023	2815	1023	1091	2818	903
1279	2815	1023	1334	2818	903
1535	2815	1023	1581	2818	902
1791	2815	1023	1832	2818	902
2047	2815	1023	2084	2818	901
2303	2815	1023	2337	2817	900
2559	2815	1023	2591	2817	899
2815	2815	1023	2845	2817	898
3071	2815	1023	3100	2817	896
3327	2815	1023	3356	2816	895
3583	2815	1023	3611	2816	893
3839	2815	1023	3867	2816	891
4095	2815	1023	4095	2796	883
0	3071	1023	339	3074	896
255	3071	1023	476	3074	896
511	3071	1023	656	3074	896
767	3071	1023	870	3074	895
1023	3071	1023	1102	3074	895
1279	3071	1023	1343	3074	895
1535	3071	1023	1589	3074	894
1791	3071	1023	1838	3074	893
2047	3071	1023	2089	3074	893
2303	3071	1023	2341	3074	892
2559	3071	1023	2595	3073	891
2815	3071	1023	2849	3073	889
3071	3071	1023	3104	3073	888
3327	3071	1023	3359	3073	887
3583	3071	1023	3614	3072	885
3839	3071	1023	3870	3072	883
4095	3071	1023	4095	3049	875
0	3327	1023	378	3330	886
255	3327	1023	505	3330	886
511	3327	1023	677	3330	886
767	3327	1023	886	3330	886
1023	3327	1023	1114	3330	886
1279	3327	1023	1352	3330	885
1535	3327	1023	1596	3330	885
1791	3327	1023	1844	3330	884
2047	3327	1023	2094	3330	883
2303	3327	1023	2346	3330	882
2559	3327	1023	2599	3330	881
2815	3327	1023	2853	3329	880
3071	3327	1023	3107	3329	879
3327	3327	1023	3362	3329	877
3583	3327	1023	3617	3329	875
3839	3327	1023	3872	3328	874
4095	3327	1023	4095	3302	865
0	3583	1023	417	3587	876
255	3583	1023	536	3587	876
511	3583	1023	700	3587	876
767	3583	1023	903	3587	876
1023	3583	1023	1127	3587	875
1279	3583	1023	1363	3586	875
1535	3583	1023	1605	3586	874
1791	3583	1023	1852	3586	874
2047	3583	1023	2101	3586	873
2303	3583	1023	2352	3586	872
2559	3583	1023	2604	3586	871
2815	3583	1023	2857	3586	870
3071	3583	1023	3111	3586	868
3327	3583	1023	3365	3585	867
3583	3583	1023	3620	3585	865
3839	3583	1023	3875	3585	863
4095	3583	1023	4095	3554	854
0	3839	1023	457	3843	864
255	3839	1023	568	3843	864
511	3839	1023	724	3843	864
767	3839	1023	922	3843	864
1023	3839	1023	1142	3843	864
1279	3839	1023	1375	3843	863
1535	3839	1023	1615	3843	863
1791	3839	1023	1860	3842	862
2047	3839	1023	2107	3842	861
2303	3839	1023	2357	3842	860
2559	3839	1023	2609	3842	859
2815	3839	1023	2861	3842	858
3071	3839	1023	3115	3842	856
3327	3839	1023	3369	3842	855
3583	3839	1023	3623	3841	853
3839	3839	1023	3878	3841	851
4095	3839	1023	4095	3805	841
0	4095	1023	496	4095	851
255	4095	1023	600	4095	850
511	4095	1023	749	4095	850
767	4095	1023	941	4095	850
1023	4095	1023	1156	4095	850
1279	4095	1023	1386	4095	849
1535	4095	1023	1624	4095	849
1791	4095	1023	1867	4095	848
2047	4095	1023	2113	4095	847
2303	4095	1023	2362	4095	846
2559	4095	1023	2612	4095	845
2815	4095	1023	2864	4095	844
3071	4095	1023	3117	4095	843
3327	4095	1023	3370	4095	841
3583	4095	1023	3624	4095	839
3839	4095	1023	3879	4095	837
4095	4095	1023	4095	4056	827
0	0	1279	74	22	1181
255	0	1279	307	22	1181
511	0	1279	543	21	1181
767	0	1279	790	21	1181
1023	0	1279	1042	19	1180
1279	0	1279	1296	18	1180
1535	0	1279	1551	16	1180
1791	0	1279	1806	14	1179
2047	0	1279	2062	11	1179
2303	0	1279	2318	8	1178
2559	0	1279	2574	4	1177
2815	0	1279	2831	0	1176
3071	0	1279	3092	0	1180
3327	0	1279	3355	0	1185
3583	0	1279	3618	0	1190
3839	0	1279	3881	0	1195
4095	0	1279	4095	0	1165
0	255	1279	78	271	1181
255	255	1279	310	271	1181
511	255	1279	544	271	1181
767	255	1279	791	270	1180
1023	255	1279	1043	269	1180
1279	255	1279	1296	268	1180
1535	255	1279	1551	267	1179
1791	255	1279	1806	265	1179
2047	255	1279	2062	263	1178
2303	255	1279	2318	261	1178
2559	255	1279	2575	258	1177
2815	255	1279	2831	255	1176
3071	255	1279	3088	252	1175
3327	255	1279	3344	248	1174
3583	255	1279	3601	243	1173
3839	255	1279	3858	238	1171
4095	255	1279	4095	231	1164
0	511	1279	84	520	1180
255	511	1279	314	520	1180
511	511	1279	547	520	1180
767	511	1279	793	520	1180
1023	511	1279	1044	519	1180
1279	511	1279	1297	519	1179
1535	511	1279	1552	518	1179
1791	511	1279	1807	517	1178
2047	511	1279	2063	516	1178
2303	511	1279	2319	515	1177
2559	511	1279	2575	513	1176
2815	511	1279	2831	511	1175
3071	511	1279	3088	509	1174
3327	511	1279	3345	507	1173
3583	511	1279	3601	505	1172
3839	511	1279	3858	502	1171
4095	511	1279	4095	497	1164
0	767	1279	94	774	1179
255	767	1279	320	774	1179
511	767	1279	550	773	1179
767	767	1279	795	773	1179
1023	767	1279	1046	773	1179
1279	767	1279	1299	773	1178
1535	767	1279	1553	772	1178
1791	767	1279	1808	771	1177
2047	767	1279	2064	771	1177
2303	767	1279	2320	770	1176
2559	767	1279	2576	769	1175
2815	767	1279	2832	768	1174
3071	767	1279	3088	766	1173
3327	767	1279	3345	765	1172
3583	767	1279	3602	763	1171
3839	767	1279	3858	762	1170
4095	767	1279	4095	756	1163
0	1023	1279	108	1028	1178
255	1023	1279	329	1028	1178
511	1023	1279	556	1028	1178
767	1023	1279	799	1028	1177
1023	1023	1279	1048	1028	1177
1279	1023	1279	1301	1027	1177
1535	1023	1279	1555	1027	1176
1791	1023	1279	1809	1027	1176
2047	1023	1279	2065	1026	1175
2303	1023	1279	2321	1025	1175
2559	1023	1279	2577	1025	1174
2815	1023	1279	2833	1024	1173
3071	1023	1279	3089	1023	1172
3327	1023	1279	3346	1022	1171
3583	1023	1279	3602	1021	1170
3839	1023	1279	3859	1020	1168
4095	1023	1279	4095	1013	1161
0	1279	1279	128	1284	1176
255	1279	1279	340	1283	1176
511	1279	1279	563	1283	1176
767	1279	1279	804	1283	1175
1023	1279	1279	1052	1283	1175
1279	1279	1279	1304	1283	1175
1535	1279	1279	1557	1283	1175
1791	1279	1279	1811	1282	1174
2047	1279	1279	2066	1282	1173
2303	1279	1279	2322	1281	1173
2559	1279	1279	2578	1281	1172
2815	1279	1279	2834	1280	1171
3071	1279	1279	3090	1279	1170
3327	1279	1279	3346	1279	1169
3583	1279	1279	3603	1278	1168
3839	1279	1279	3860	1277	1166
4095	1279	1279	4095	1269	1159
0	1535	1279	152	1539	1173
255	1535	1279	354	1539	1173
511	1535	1279	572	1539	1173
767	1535	1279	810	1539	1173
1023	1535	1279	1057	1539	1173
1279	1535	1279	1307	1539	1173
1535	1535	1279	1560	1538	1172
1791	1535	1279	1814	1538	1172
2047	1535	1279	2068	1538	1171
2303	1535	1279	2324	1537	1170
2559	1535	1279	2579	1537	1170
2815	1535	1279	2835	1536	1169
3071	1535	1279	3091	1536	1168
3327	1535	1279	3348	1535	1167
3583	1535	1279	3604	1534	1165
3839	1535	1279	3860	1534	1164
4095	1535	1279	4095	1525	1156
0	1791	1279	182	1795	1170
255	1791	1279	371	1795	1170
511	1791	1279	583	1795	1170
767	1791	1279	818	1795	1170
1023	1791	1279	1062	1795	1170
1279	1791	1279	1312	1794	1170
1535	1791	1279	1563	1794	1169
1791	1791	1279	1817	1794	1169
2047	1791	1279	2071	1794	1168
2303	1791	1279	2326	1793	1167
2559	1791	1279	2581	1793	1167
2815	1791	1279	2837	1793	1166
3071	1791	1279	3093	1792	1165
3327	1791	1279	3349	1792	1164
3583	1791	1279	3605	1791	1162
3839	1791	1279	3862	1790	1161
4095	1791	1279	4095	1780	1153
0	2047	1279	213	2051	1167
255	2047	1279	390	2051	1167
511	2047	1279	596	2051	1167
767	2047	1279	827	2051	1167
1023	2047	1279	1069	2050	1166
1279	2047	1279	1317	2050	1166
1535	2047	1279	1568	2050	1166
1791	2047	1279	1820	2050	1165
2047	2047	1279	2074	2050	1165
2303	2047	1279	2328	2049	1164
2559	2047	1279	2583	2049	1163
2815	2047	1279	2839	2049	1162
3071	2047	1279	3095	2048	1161
3327	2047	1279	3351	2048	1160
3583	2047	1279	3607	2047	1159
3839	2047	1279	3863	2047	1157
4095	2047	1279	4095	2034	1149
0	2303	1279	247	2307	1163
255	2303	1279	412	2307	1163
511	2303	1279	610	2307	1162
767	2303	1279	837	2307	1162
1023	2303	1279	1077	2306	1162
1279	2303	1279	1323	2306	1162
1535	2303	1279	1572	2306	1161
1791	2303	1279	1824	2306	1161
2047	2303	1279	2077	2306	1160
2303	2303	1279	2331	2306	1160
2559	2303	1279	2586	2305	1159
2815	2303	1279	2841	2305	1158
3071	2303	1279	3097	2305	1157
3327	2303	1279	3352	2304	1156
3583	2303	1279	3608	2304	1155
3839	2303	1279	3864	2303	1153
4095	2303	1279	4095	2289	1145
0	2559	1279	282	2563	1158
255	2559	1279	435	2563	1158
511	2559	1279	626	2563	1158
767	2559	1279	849	2563	1157
1023	2559	1279	1086	2562	1157
1279	2559	1279	1330	2562	1157
1535	2559	1279	1578	2562	1157
1791	2559	1279	1829	2562	1156
2047	2559	1279	2081	2562	1155
2303	2559	1279	2335	2562	1155
2559	2559	1279	2589	2561	1154
2815	2559	1279	2844	2561	1153
3071	2559	1279	3099	2561	1152
3327	2559	1279	3355	2561	1151
3583	2559	1279	3610	2560	1150
3839	2559	1279	3866	2560	1148
4095	2559	1279	4095	2542	1139
0	2815	1279	318	2819	1152
255	2815	1279	461	2819	1152
511	2815	1279	644	2819	1152
767	2815	1279	862	2819	1152
1023	2815	1279	1095	2819	1152
1279	2815	1279	1338	2818	1151
1535	2815	1279	1584	2818	1151
1791	2815	1279	1834	2818	1151
2047	2815	1279	2086	2818	1150
2303	2815	1279	2339	2818	1149
2559	2815	1279	2593	2818	1148
2815	2815	1279	2847	2817	1148
3071	2815	1279	3102	2817	1147
3327	2815	1279	3357	2817	1145
3583	2815	1279	3612	2817	1144
3839	2815	1279	3868	2816	1143
4095	2815	1279	4095	2796	1133
0	3071	1279	355	3075	1146
255	3071	1279	488	3075	1146
511	3071	1279	664	3075	1146
767	3071	1279	876	3075	1146
1023	3071	1279	1107	3075	1145
1279	3071	1279	1346	3075	1145
1535	3071	1279	1592	3074	1145
1791	3071	1279	1840	3074	1144
2047	3071	1279	2091	3074	1144
2303	3071	1279	2343	3074	1143
2559	3071	1279	2596	3074	1142
2815	3071	1279	2850	3074	1141
3071	3071	1279	3105	3073	1140
3327	3071	1279	3360	3073	1139
3583	3071	1279	3615	3073	1138
3839	3071	1279	3870	3073	1136
4095	3071	1279	4095	3049	1126
0	3327	1279	392	3331	1139
255	3327	1279	516	3331	1139
511	3327	1279	685	3331	1139
767	3327	1279	892	3331	1139
1023	3327	1279	1119	3331	1138
1279	3327	1279	1356	3331	1138
1535	3327	1279	1600	3331	1138
1791	3327	1279	1847	3330	1137
2047	3327	1279	2097	3330	1137
2303	3327	1279	2348	3330	1136
2559	3327	1279	2601	3330	1135
2815	3327	1279	2854	3330	1134
3071	3327	1279	3108	3330	1133
3327	3327	1279	3363	3329	1132
3583	3327	1279	3618	3329	1131
3839	3327	1279	3873	3329	1129
4095	3327	1279	4095	3301	1119
0	3583	1279	430	3587	1131
255	3583	1279	546	3587	1131
511	3583	1279	708	3587	1131
767	3583	1279	909	3587	1131
1023	3583	1279	1132	3587	1131
1279	3583	1279	1367	3587	1130
1535	3583	1279	1608	3587	1130
1791	3583	1279	1854	3587	1129
2047	3583	1279	2103	3587	1129
2303	3583	1279	2353	3586	1128
2559	3583	1279	2605	3586	1127
2815	3583	1279	2858	3586	1126
3071	3583	1279	3112	3586	1125
3327	3583	1279	3366	3586	1124
3583	3583	1279	3621	3585	1123
3839	3583	1279	3876	3585	1121
4095	3583	1279	4095	3553	1110
0	3839	1279	469	3843	1122
255	3839	1279	577	3843	1122
511	3839	1279	732	3843	1122
767	3839	1279	928	3843	1122
1023	3839	1279	1146	3843	1122
1279	3839	1279	1378	3843	1122
1535	3839	1279	1618	3843	1121
1791	3839	1279	1862	3843	1121
2047	3839	1279	2110	3843	1120
2303	3839	1279	2359	3843	1119
2559	3839	1279	2611	3842	1119
2815	3839	1279	2863	3842	1118
3071	3839	1279	3116	3842	1117
3327	3839	1279	3370	3842	1115
3583	3839	1279	3624	3842	1114
3839	3839	1279	3879	3841	1113
4095	3839	1279	4095	3805	1101
0	4095	1279	507	4095	1112
255	4095	1279	609	4095	1112
511	4095	1279	757	4095	1112
767	4095	1279	946	4095	1111
1023	4095	1279	1161	4095	1111
1279	4095	1279	1389	4095	1111
1535	4095	1279	1626	4095	1110
1791	4095	1279	1869	4095	1110
2047	4095	1279	2115	4095	1109
2303	4095	1279	2364	4095	1109
2559	4095	1279	2614	4095	1108
2815	4095	1279	2865	4095	1107
3071	4095	1279	3118	4095	1106
3327	4095	1279	3371	4095	1105
3583	4095	1279	3625	4095	1104
3839	4095	1279	3880	4095	1102
4095	4095	1279	4095	4056	1090
0	0	1535	108	32	1420
255	0	1535	328	32	1420
511	0	1535	556	32	1420
767	0	1535	799	31	1420
1023	0	1535	1048	30	1420
1279	0	1535	1301	28	1420
1535	0	1535	1555	26	1419
1791	0	1535	1809	24	1419
2047	0	1535	2065	21	1419
2303	0	1535	2321	18	1418
2559	0	1535	2577	14	1417
2815	0	1535	2833	10	1417
3071	0	1535	3089	5	1416
3327	0	1535	3346	0	1415
3583	0	1535	3608	0	1420
3839	0	1535	3872	0	1426
4095	0	1535	4095	0	1405
0	255	1535	112	278	1420
255	255	1535	331	278	1420
511	255	1535	557	278	1420
767	255	1535	800	277	1420
1023	255	1535	1049	277	1420
1279	255	1535	1301	275	1419
1535	255	1535	1555	274	1419
1791	255	1535	1810	273	1419
2047	255	1535	2065	271	1418
2303	255	1535	2321	268	1418
2559	255	1535	2577	266	1417
2815	255	1535	2833	263	1416
3071	255	1535	3089	259	1416
3327	255	1535	3346	255	1415
3583	255	1535	3602	251	1414
3839	255	1535	3859	246	1413
4095	255	1535	4095	239	1404
0	511	1535	118	524	1420
255	511	1535	334	524	1420
511	511	1535	559	524	1419
767	511	1535	801	524	1419
1023	511	1535	1050	523	1419
1279	511	1535	1302	523	1419
1535	511	1535	1556	522	1419
1791	511	1535	1810	521	1418
2047	511	1535	2066	520	1418
2303	511	1535	2321	519	1417
2559	511	1535	2577	517	1417
2815	511	1535	2833	516	1416
3071	511	1535	3090	514	1415
3327	511	1535	3346	511	1414
3583	511	1535	3603	509	1413
3839	511	1535	3859	506	1412
4095	511	1535	4095	501	1404
0	767	1535	128	776	1419
255	767	1535	340	776	1419
511	767	1535	563	776	1419
767	767	1535	804	776	1419
1023	767	1535	1052	776	1418
1279	767	1535	1304	775	1418
1535	767	1535	1557	775	1418
1791	767	1535	1811	774	1417
2047	767	1535	2066	773	1417
2303	767	1535	2322	773	1416
2559	767	1535	2578	772	1416
2815	767	1535	2834	770	1415
3071	767	1535	3090	769	1414
3327	767	1535	3346	768	1413
3583	767	1535	3603	766	1412
3839	767	1535	3860	764	1411
4095	767	1535	4095	759	1403
0	1023	1535	142	1030	1418
255	1023	1535	349	1030	1418
511	1023	1535	568	1030	1418
767	1023	1535	808	1030	1417
1023	1023	1535	1055	1030	1417
1279	1023	1535	1306	1029	1417
1535	1023	1535	1559	1029	1417
1791	1023	1535	1813	1029	1416
2047	1023	1535	2068	1028	1416
2303	1023	1535	2323	1027	1415
2559	1023	1535	2579	1027	1415
2815	1023	1535	2835	1026	1414
3071	1023	1535	3091	1025	1413
3327	1023	1535	3347	1024	1412
3583	1023	1535	3604	1023	1411
3839	1023	1535	3860	1022	1410
4095	1023	1535	4095	1015	1402
0	1279	1535	162	1285	1416
255	1279	1535	360	1285	1416
511	1279	1535	575	1285	1416
767	1279	1535	813	1285	1416
1023	1279	1535	1058	1285	1416
1279	1279	1535	1309	1284	1415
1535	1279	1535	1561	1284	1415
1791	1279	1535	1815	1284	1415
2047	1279	1535	2069	1283	1414
2303	1279	1535	2324	1283	1414
2559	1279	1535	2580	1282	1413
2815	1279	1535	2836	1282	1412
3071	1279	1535	3092	1281	1412
3327	1279	1535	3348	1280	1411
3583	1279	1535	3604	1279	1410
3839	1279	1535	3861	1278	1409
4095	1279	1535	4095	1270	1400
0	1535	1535	185	1540	1414
255	1535	1535	373	1540	1414
511	1535	1535	584	1540	1414
767	1535	1535	819	1540	1414
1023	1535	1535	1063	1540	1414
1279	1535	1535	1312	1540	1414
1535	1535	1535	1564	1540	1413
1791	1535	1535	1817	1539	1413
2047	1535	1535	2071	1539	1412
2303	1535	1535	2326	1539	1412
2559	1535	1535	2581	1538	1411
2815	1535	1535	2837	1538	1410
3071	1535	1535	3093	1537	1410
3327	1535	1535	3349	1536	1409
3583	1535	1535	3605	1536	1408
3839	1535	1535	3862	1535	1407
4095	1535	1535	4095	1525	1398
0	1791	1535	212	1796	1412
255	1791	1535	389	1796	1412
511	1791	1535	595	1796	1412
767	1791	1535	826	1796	1412
1023	1791	1535	1069	1796	1411
1279	1791	1535	1316	1795	1411
1535	1791	1535	1567	1795	1411
1791	1791	1535	1820	1795	1410
2047	1791	1535	2074	1795	1410
2303	1791	1535	2328	1794	1409
2559	1791	1535	2583	1794	1409
2815	1791	1535	2839	1794	1408
3071	1791	1535	3094	1793	1407
3327	1791	1535	3350	1793	1406
3583	1791	1535	3607	1792	1405
3839	1791	1535	3863	1791	1404
4095	1791	1535	4095	1780	1395
0	2047	1535	241	2052	1409
255	2047	1535	408	2052	1409
511	2047	1535	607	2051	1409
767	2047	1535	835	2051	1409
1023	2047	1535	1075	2051	1409
1279	2047	1535	1322	2051	1408
1535	2047	1535	1572	2051	1408
1791	2047	1535	1823	2051	1408
2047	2047	1535	2077	2051	1407
2303	2047	1535	2331	2050	1407
2559	2047	1535	2586	2050	1406
2815	2047	1535	2841	2050	1405
3071	2047	1535	3096	2049	1404
3327	2047	1535	3352	2049	1404
3583	2047	1535	3608	2048	1403
3839	2047	1535	3864	2048	1402
4095	2047	1535	4095	2035	1392
0	2303	1535	272	2307	1406
255	2303	1535	428	2307	1406
511	2303	1535	621	2307	1406
767	2303	1535	845	2307	1405
1023	2303	1535	1083	2307	1405
1279	2303	1535	1328	2307	1405
1535	2303	1535	1576	2307	1405
1791	2303	1535	1828	2307	1404
2047	2303	1535	2080	2307	1404
2303	2303	1535	2334	2306	1403
2559	2303	1535	2588	2306	1403
2815	2303	1535	2843	2306	1402
3071	2303	1535	3098	2305	1401
3327	2303	1535	3354	2305	1400
3583	2303	1535	3610	2305	1399
3839	2303	1535	3866	2304	1398
4095	2303	1535	4095	2289	1388
0	2559	1535	304	2563	1402
255	2559	1535	451	2563	1402
511	2559	1535	637	2563	1402
767	2559	1535	857	2563	1402
1023	2559	1535	1092	2563	1401
1279	2559	1535	1335	2563	1401
1535	2559	1535	1582	2563	1401
1791	2559	1535	1832	2563	1400
2047	2559	1535	2084	2563	1400
2303	2559	1535	2337	2562	1399
2559	2559	1535	2591	2562	1399
2815	2559	1535	2846	2562	1398
3071	2559	1535	3101	2562	1397
3327	2559	1535	3356	2561	1396
3583	2559	1535	3612	2561	1395
3839	2559	1535	3867	2560	1394
4095	2559	1535	4095	2542	1383
0	2815	1535	338	2819	1397
255	2815	1535	476	2819	1397
511	2815	1535	655	2819	1397
767	2815	1535	870	2819	1397
1023	2815	1535	1101	2819	1397
1279	2815	1535	1342	2819	1397
1535	2815	1535	1588	2819	1396
1791	2815	1535	1838	2819	1396
2047	2815	1535	2089	2819	1396
2303	2815	1535	2341	2818	1395
2559	2815	1535	2595	2818	1394
2815	2815	1535	2849	2818	1394
3071	2815	1535	3103	2818	1393
3327	2815	1535	3358	2817	1392
3583	2815	1535	3614	2817	1391
3839	2815	1535	3869	2817	1390
4095	2815	1535	4095	2796	1378
0	3071	1535	373	3075	1392
255	3071	1535	502	3075	1392
511	3071	1535	674	3075	1392
767	3071	1535	884	3075	1392
1023	3071	1535	1112	3075	1392
1279	3071	1535	1351	3075	1392
1535	3071	1535	1595	3075	1391
1791	3071	1535	1843	3075	1391
2047	3071	1535	2094	3075	1391
2303	3071	1535	2346	3075	1390
2559	3071	1535	2598	3074	1389
2815	3071	1535	2852	3074	1389
3071	3071	1535	3106	3074	1388
3327	3071	1535	3361	3074	1387
3583	3071	1535	3616	3073	1386
3839	3071	1535	3872	3073	1385
4095	3071	1535	4095	3049	1373
0	3327	1535	409	3331	1387
255	3327	1535	530	3331	1387
511	3327	1535	695	3331	1387
767	3327	1535	900	3331	1387
1023	3327	1535	1125	3331	1386
1279	3327	1535	1361	3331	1386
1535	3327	1535	1603	3331	1386
1791	3327	1535	1850	3331	1385
2047	3327	1535	2099	3331	1385
2303	3327	1535	2350	3331	1384
2559	3327	1535	2603	3330	1384
2815	3327	1535	2856	3330	1383
3071	3327	1535	3110	3330	1382
3327	3327	1535	3364	3330	1381
3583	3327	1535	3619	3330	1380
3839	3327	1535	3874	3329	1379
4095	3327	1535	4095	3301	1366
0	3583	1535	446	3587	1381
255	3583	1535	559	3587	1381
511	3583	1535	718	3587	1381
767	3583	1535	917	3587	1380
1023	3583	1535	1138	3587	1380
1279	3583	1535	1371	3587	1380
1535	3583	1535	1612	3587	1380
1791	3583	1535	1857	3587	1379
2047	3583	1535	2106	3587	1379
2303	3583	1535	2356	3587	1378
2559	3583	1535	2607	3587	1378
2815	3583	1535	2860	3586	1377
3071	3583	1535	3114	3586	1376
3327	3583	1535	3368	3586	1375
3583	3583	1535	3622	3586	1374
3839	3583	1535	3877	3586	1373
4095	3583	1535	4095	3553	1359
0	3839	1535	484	3843	1374
255	3839	1535	589	3843	1374
511	3839	1535	741	3843	1374
767	3839	1535	935	3843	1374
1023	3839	1535	1152	3843	1373
1279	3839	1535	1383	3843	1373
1535	3839	1535	1622	3843	1373
1791	3839	1535	1865	3843	1372
2047	3839	1535	2112	3843	1372
2303	3839	1535	2362	3843	1371
2559	3839	1535	2613	3843	1371
2815	3839	1535	2865	3843	1370
3071	3839	1535	3118	3842	1369
3327	3839	1535	3371	3842	1368
3583	3839	1535	3626	3842	1367
3839	3839	1535	3880	3842	1366
4095	3839	1535	4095	3804	1352
0	4095	1535	521	4095	1365
255	4095	1535	620	4095	1365
511	4095	1535	766	4095	1365
767	4095	1535	953	4095	1365
1023	4095	1535	1166	4095	1364
1279	4095	1535	1394	4095	1364
1535	4095	1535	1630	4095	1364
1791	4095	1535	1872	4095	1363
2047	4095	1535	2118	4095	1363
2303	4095	1535	2366	4095	1362
2559	4095	1535	2616	4095	1362
2815	4095	1535	2867	4095	1361
3071	4095	1535	3119	4095	1360
3327	4095	1535	3373	4095	1360
3583	4095	1535	3626	4095	1359
3839	4095	1535	3881	4095	1358
4095	4095	1535	4095	4055	1343
0	0	1791	150	45	1660
255	0	1791	353	44	1660
511	0	1791	571	44	1660
767	0	1791	810	43	1659
1023	0	1791	1056	42	1659
1279	0	1791	1307	41	1659
1535	0	1791	1560	39	1659
1791	0	1791	1813	36	1659
2047	0	1791	2068	34	1658
2303	0	1791	2324	30	1658
2559	0	1791	2579	26	1657
2815	0	1791	2835	22	1657
3071	0	1791	3091	17	1656
3327	0	1791	3347	12	1655
3583	0	1791	3604	6	1654
3839	0	1791	3860	0	1654
4095	0	1791	4095	0	1644
0	255	1791	153	287	1659
255	255	1791	355	287	1659
511	255	1791	572	286	1659
767	255	1791	810	286	1659
1023	255	1791	1057	285	1659
1279	255	1791	1307	284	1659
1535	255	1791	1560	283	1659
1791	255	1791	1814	281	1658
2047	255	1791	2069	279	1658
2303	255	1791	2324	277	1657
2559	255	1791	2579	274	1657
2815	255	1791	2835	271	1656
3071	255	1791	3091	268	1656
3327	255	1791	3348	264	1655
3583	255	1791	3604	260	1654
3839	255	1791	3860	255	1653
4095	255	1791	4095	248	1644
0	511	1791	159	529	1659
255	511	1791	358	529	1659
511	511	1791	575	529	1659
767	511	1791	812	529	1659
1023	511	1791	1058	528	1659
1279	511	1791	1308	528	1658
1535	511	1791	1561	527	1658
1791	511	1791	1814	526	1658
2047	511	1791	2069	525	1658
2303	511	1791	2324	524	1657
2559	511	1791	2580	522	1657
2815	511	1791	2836	521	1656
3071	511	1791	3092	519	1655
3327	511	1791	3348	516	1655
3583	511	1791	3604	514	1654
3839	511	1791	3861	511	1653
4095	511	1791	4095	506	1643
0	767	1791	169	780	1658
255	767	1791	364	780	1658
511	767	1791	578	779	1658
767	767	1791	814	779	1658
1023	767	1791	1060	779	1658
1279	767	1791	1310	779	1658
1535	767	1791	1562	778	1658
1791	767	1791	1815	777	1657
2047	767	1791	2070	777	1657
2303	767	1791	2325	776	1656
2559	767	1791	2580	775	1656
2815	767	1791	2836	774	1655
3071	767	1791	3092	772	1655
3327	767	1791	3348	771	1654
3583	767	1791	3605	769	1653
3839	767	1791	3861	768	1652
4095	767	1791	4095	762	1642
0	1023	1791	183	1033	1657
255	1023	1791	372	1033	1657
511	1023	1791	583	1032	1657
767	1023	1791	818	1032	1657
1023	1023	1791	1063	1032	1657
1279	1023	1791	1312	1032	1657
1535	1023	1791	1564	1031	1657
1791	1023	1791	1817	1031	1656
2047	1023	1791	2071	1030	1656
2303	1023	1791	2326	1030	1655
2559	1023	1791	2581	1029	1655
2815	1023	1791	2837	1028	1654
3071	1023	1791	3093	1027	1654
3327	1023	1791	3349	1026	1653
3583	1023	1791	3605	1025	1652
3839	1023	1791	3862	1024	1651
4095	1023	1791	4095	1017	1641
0	1279	1791	201	1287	1656
255	1279	1791	382	1287	1656
511	1279	1791	590	1287	1656
767	1279	1791	823	1287	1656
1023	1279	1791	1066	1286	1656
1279	1279	1791	1315	1286	1656
1535	1279	1791	1566	1286	1655
1791	1279	1791	1819	1286	1655
2047	1279	1791	2073	1285	1655
2303	1279	1791	2327	1285	1654
2559	1279	1791	2583	1284	1654
2815	1279	1791	2838	1284	1653
3071	1279	1791	3094	1283	1652
3327	1279	1791	3350	1282	1652
3583	1279	1791	3606	1281	1651
3839	1279	1791	3862	1280	1650
4095	1279	1791	4095	1272	1640
0	1535	1791	221	1542	1655
255	1535	1791	395	1542	1655
511	1535	1791	599	1542	1654
767	1535	1791	829	1542	1654
1023	1535	1791	1071	1541	1654
1279	1535	1791	1318	1541	1654
1535	1535	1791	1569	1541	1654
1791	1535	1791	1821	1541	1653
2047	1535	1791	2075	1540	1653
2303	1535	1791	2329	1540	1653
2559	1535	1791	2584	1540	1652
2815	1535	1791	2839	1539	1652
3071	1535	1791	3095	1538	1651
3327	1535	1791	3351	1538	1650
3583	1535	1791	3607	1537	1649
3839	1535	1791	3863	1536	1648
4095	1535	1791	4095	1526	1638
0	1791	1791	245	1797	1653
255	1791	1791	410	1797	1653
511	1791	1791	609	1797	1653
767	1791	1791	836	1797	1652
1023	1791	1791	1076	1797	1652
1279	1791	1791	1322	1797	1652
1535	1791	1791	1572	1796	1652
1791	1791	1791	1824	1796	1651
2047	1791	1791	2077	1796	1651
2303	1791	1791	2331	1796	1651
2559	1791	1791	2586	1795	1650
2815	1791	1791	2841	1795	1650
3071	1791	1791	3097	1794	1649
3327	1791	1791	3352	1794	1648
3583	1791	1791	3608	1793	1647
3839	1791	1791	3864	1793	1646
4095	1791	1791	4095	1781	1635
0	2047	1791	271	2053	1650
255	2047	1791	428	2053	1650
511	2047	1791	621	2052	1650
767	2047	1791	845	2052	1650
1023	2047	1791	1083	2052	1650
1279	2047	1791	1328	2052	1650
1535	2047	1791	1576	2052	1649
1791	2047	1791	1827	2052	1649
2047	2047	1791	2080	2052	1649
2303	2047	1791	2334	2051	1648
2559	2047	1791	2588	2051	1648
2815	2047	1791	2843	2051	1647
3071	2047	1791	3098	2050	1647
3327	2047	1791	3354	2050	1646
3583	2047	1791	3610	2049	1645
3839	2047	1791	3866	2049	1644
4095	2047	1791	4095	2035	1632
0	2303	1791	300	2308	1648
255	2303	1791	448	2308	1647
511	2303	1791	635	2308	1647
767	2303	1791	855	2308	1647
1023	2303	1791	1090	2308	1647
1279	2303	1791	1334	2308	1647
1535	2303	1791	1581	2308	1647
1791	2303	1791	1832	2308	1646
2047	2303	1791	2084	2307	1646
2303	2303	1791	2337	2307	1646
2559	2303	1791	2591	2307	1645
2815	2303	1791	2845	2307	1644
3071	2303	1791	3100	2306	1644
3327	2303	1791	3356	2306	1643
3583	2303	1791	3611	2305	1642
3839	2303	1791	3867	2305	1641
4095	2303	1791	4095	2289	1629
0	2559	1791	330	2564	1644
255	2559	1791	470	2564	1644
511	2559	1791	651	2564	1644
767	2559	1791	866	2564	1644
1023	2559	1791	1099	2564	1644
1279	2559	1791	1340	2564	1644
1535	2559	1791	1587	2564	1644
1791	2559	1791	1836	2564	1643
2047	2559	1791	2088	2563	1643
2303	2559	1791	2340	2563	1642
2559	2559	1791	2594	2563	1642
2815	2559	1791	2848	2563	1641
3071	2559	1791	3103	2562	1641
3327	2559	1791	3358	2562	1640
3583	2559	1791	3613	2562	1639
3839	2559	1791	3869	2561	1638
4095	2559	1791	4095	2542	1625
0	2815	1791	362	2820	1641
255	2815	1791	493	2820	1641
511	2815	1791	668	2820	1641
767	2815	1791	879	2820	1641
1023	2815	1791	1109	2820	1640
1279	2815	1791	1348	2820	1640
1535	2815	1791	1593	2820	1640
1791	2815	1791	1841	2819	1640
2047	2815	1791	2092	2819	1639
2303	2815	1791	2344	2819	1639
2559	2815	1791	2597	2819	1638
2815	2815	1791	2851	2819	1638
3071	2815	1791	3105	2818	1637
3327	2815	1791	3360	2818	1636
3583	2815	1791	3616	2818	1635
3839	2815	1791	3871	2817	1635
4095	2815	1791	4095	2795	1621
0	3071	1791	395	3076	1637
255	3071	1791	519	3076	1637
511	3071	1791	687	3076	1637
767	3071	1791	893	3076	1636
1023	3071	1791	1120	3076	1636
1279	3071	1791	1357	3076	1636
1535	3071	1791	1600	3076	1636
1791	3071	1791	1847	3075	1635
2047	3071	1791	2097	3075	1635
2303	3071	1791	2348	3075	1635
2559	3071	1791	2601	3075	1634
2815	3071	1791	2854	3075	1634
3071	3071	1791	3109	3075	1633
3327	3071	1791	3363	3074	1632
3583	3071	1791	3618	3074	1631
3839	3071	1791	3873	3074	1630
4095	3071	1791	4095	3048	1616
0	3327	1791	430	3332	1632
255	3327	1791	546	3332	1632
511	3327	1791	708	3332	1632
767	3327	1791	909	3332	1632
1023	3327	1791	1132	3332	1632
1279	3327	1791	1366	3332	1632
1535	3327	1791	1608	3332	1631
1791	3327	1791	1854	3331	1631
2047	3327	1791	2103	3331	1631
2303	3327	1791	2353	3331	1630
2559	3327	1791	2605	3331	1630
2815	3327	1791	2858	3331	1629
3071	3327	1791	3112	3331	1628
3327	3327	1791	3366	3330	1628
3583	3327	1791	3621	3330	1627
3839	3327	1791	3876	3330	1626
4095	3327	1791	4095	3300	1611
0	3583	1791	465	3588	1627
255	3583	1791	574	3588	1627
511	3583	1791	729	3588	1627
767	3583	1791	926	3588	1627
1023	3583	1791	1145	3588	1627
1279	3583	1791	1377	3588	1626
1535	3583	1791	1617	3588	1626
1791	3583	1791	1861	3588	1626
2047	3583	1791	2109	3587	1625
2303	3583	1791	2359	3587	1625
2559	3583	1791	2610	3587	1624
2815	3583	1791	2862	3587	1624
3071	3583	1791	3116	3587	1623
3327	3583	1791	3370	3587	1622
3583	3583	1791	3624	3586	1622
3839	3583	1791	3879	3586	1621
4095	3583	1791	4095	3552	1605
0	3839	1791	501	3844	1621
255	3839	1791	604	3844	1621
511	3839	1791	753	3844	1621
767	3839	1791	944	3844	1621
1023	3839	1791	1159	3844	1621
1279	3839	1791	1388	3844	1621
1535	3839	1791	1626	3844	1621
1791	3839	1791	1869	3844	1620
2047	3839	1791	2116	3844	1620
2303	3839	1791	2365	3843	1619
2559	3839	1791	2615	3843	1619
2815	3839	1791	2867	3843	1618
3071	3839	1791	3120	3843	1618
3327	3839	1791	3373	3843	1617
3583	3839	1791	3627	3842	1616
3839	3839	1791	3882	3842	1615
4095	3839	1791	4095	3803	1598
0	4095	1791	537	4095	1613
255	4095	1791	634	4095	1613
511	4095	1791	777	4095	1613
767	4095	1791	962	4095	1613
1023	4095	1791	1173	4095	1613
1279	4095	1791	1399	4095	1613
1535	4095	1791	1634	4095	1613
1791	4095	1791	1876	4095	1612
2047	4095	1791	2121	4095	1612
2303	4095	1791	2368	4095	1611
2559	4095	1791	2618	4095	1611
2815	4095	1791	2869	4095	1610
3071	4095	1791	3121	4095	1610
3327	4095	1791	3374	4095	1609
3583	4095	1791	3628	4095	1608
3839	4095	1791	3882	4095	1608
4095	4095	1791	4095	4054	1591
0	0	2047	197	60	1899
255	0	2047	380	59	1899
511	0	2047	589	59	1899
767	0	2047	822	58	1899
1023	0	2047	1065	57	1899
1279	0	2047	1314	55	1899
1535	0	2047	1565	54	1898
1791	0	2047	1818	51	1898
2047	0	2047	2072	48	1898
2303	0	2047	2327	45	1897
2559	0	2047	2582	41	1897
2815	0	2047	2838	37	1896
3071	0	2047	3094	32	1896
3327	0	2047	3350	27	1895
3583	0	2047	3606	21	1895
3839	0	2047	3862	14	1894
4095	0	2047	4095	7	1882
0	255	2047	200	297	1899
255	255	2047	382	297	1899
511	255	2047	590	296	1899
767	255	2047	823	296	1899
1023	255	2047	1066	295	1898
1279	255	2047	1315	294	1898
1535	255	2047	1566	293	1898
1791	255	2047	1819	291	1898
2047	255	2047	2073	289	1898
2303	255	2047	2327	287	1897
2559	255	2047	2582	285	1897
2815	255	2047	2838	282	1896
3071	255	2047	3094	278	1896
3327	255	2047	3350	275	1895
3583	255	2047	3606	270	1894
3839	255	2047	3862	266	1894
4095	255	2047	4095	259	1882
0	511	2047	205	535	1898
255	511	2047	385	535	1898
511	511	2047	592	535	1898
767	511	2047	824	535	1898
1023	511	2047	1067	534	1898
1279	511	2047	1315	534	1898
1535	511	2047	1566	533	1898
1791	511	2047	1819	532	1897
2047	511	2047	2073	531	1897
2303	511	2047	2328	530	1897
2559	511	2047	2583	528	1896
2815	511	2047	2838	526	1896
3071	511	2047	3094	524	1895
3327	511	2047	3350	522	1895
3583	511	2047	3606	520	1894
3839	511	2047	3862	517	1893
4095	511	2047	4095	512	1881
0	767	2047	214	784	1898
255	767	2047	391	783	1898
511	767	2047	596	783	1898
767	767	2047	827	783	1898
1023	767	2047	1069	783	1898
1279	767	2047	1317	782	1897
1535	767	2047	1568	782	1897
1791	767	2047	1820	781	1897
2047	767	2047	2074	781	1897
2303	767	2047	2328	780	1896
2559	767	2047	2583	779	1896
2815	767	2047	2839	778	1895
3071	767	2047	3095	776	1895
3327	767	2047	3351	775	1894
3583	767	2047	3607	773	1893
3839	767	2047	3863	772	1893
4095	767	2047	4095	765	1881
0	1023	2047	226	1035	1897
255	1023	2047	398	1035	1897
511	1023	2047	601	1035	1897
767	1023	2047	830	1035	1897
1023	1023	2047	1072	1035	1897
1279	1023	2047	1319	1035	1897
1535	1023	2047	1569	1034	1896
1791	1023	2047	1822	1034	1896
2047	1023	2047	2075	1033	1896
2303	1023	2047	2329	1033	1895
2559	1023	2047	2584	1032	1895
2815	1023	2047	2840	1031	1895
3071	1023	2047	3095	1030	1894
3327	1023	2047	3351	1029	1893
3583	1023	2047	3607	1028	1893
3839	1023	2047	3863	1027	1892
4095	1023	2047	4095	1019	1880
0	1279	2047	241	1289	1896
255	1279	2047	408	1289	1896
511	1279	2047	607	1289	1896
767	1279	2047	835	1289	1896
1023	1279	2047	1075	1289	1896
1279	1279	2047	1322	1288	1896
1535	1279	2047	1572	1288	1895
1791	1279	2047	1824	1288	1895
2047	1279	2047	2077	1287	1895
2303	1279	2047	2331	1287	1894
2559	1279	2047	2586	1286	1894
2815	1279	2047	2841	1286	1893
3071	1279	2047	3096	1285	1893
3327	1279	2047	3352	1284	1892
3583	1279	2047	3608	1283	1892
3839	1279	2047	3864	1282	1891
4095	1279	2047	4095	1273	1878
0	1535	2047	260	1544	1895
255	1535	2047	420	1543	1895
511	1535	2047	616	1543	1895
767	1535	2047	841	1543	1895
1023	1535	2047	1080	1543	1894
1279	1535	2047	1325	1543	1894
1535	1535	2047	1574	1543	1894
1791	1535	2047	1826	1543	1894
2047	1535	2047	2079	1542	1893
2303	1535	2047	2333	1542	1893
2559	1535	2047	2587	1541	1893
2815	1535	2047	2842	1541	1892
3071	1535	2047	3097	1540	1892
3327	1535	2047	3353	1540	1891
3583	1535	2047	3609	1539	1890
3839	1535	2047	3865	1538	1890
4095	1535	2047	4095	1528	1877
0	1791	2047	281	1798	1893
255	1791	2047	435	1798	1893
511	1791	2047	626	1798	1893
767	1791	2047	848	1798	1893
1023	1791	2047	1085	1798	1893
1279	1791	2047	1330	1798	1893
1535	1791	2047	1578	1798	1892
1791	1791	2047	1829	1798	1892
2047	1791	2047	2081	1797	1892
2303	1791	2047	2335	1797	1891
2559	1791	2047	2589	1797	1891
2815	1791	2047	2844	1796	1890
3071	1791	2047	3099	1796	1890
3327	1791	2047	3354	1795	1889
3583	1791	2047	3610	1795	1889
3839	1791	2047	3866	1794	1888
4095	1791	2047	4095	1782	1875
0	2047	2047	305	2054	1891
255	2047	2047	451	2054	1891
511	2047	2047	638	2054	1891
767	2047	2047	857	2054	1891
1023	2047	2047	1092	2054	1891
1279	2047	2047	1335	2053	1891
1535	2047	2047	1582	2053	1890
1791	2047	2047	1832	2053	1890
2047	2047	2047	2084	2053	1890
2303	2047	2047	2337	2053	1889
2559	2047	2047	2591	2052	1889
2815	2047	2047	2846	2052	1888
3071	2047	2047	3101	2052	1888
3327	2047	2047	3356	2051	1887
3583	2047	2047	3612	2051	1887
3839	2047	2047	3867	2050	1886
4095	2047	2047	4095	2035	1872
0	2303	2047	331	2309	1889
255	2303	2047	470	2309	1889
511	2303	2047	651	2309	1889
767	2303	2047	867	2309	1889
1023	2303	2047	1099	2309	1888
1279	2303	2047	1341	2309	1888
1535	2303	2047	1587	2309	1888
1791	2303	2047	1836	2309	1888
2047	2303	2047	2088	2309	1887
2303	2303	2047	2340	2308	1887
2559	2303	2047	2594	2308	1887
2815	2303	2047	2848	2308	1886
3071	2303	2047	3103	2307	1886
3327	2303	2047	3358	2307	1885
3583	2303	2047	3613	2307	1884
3839	2303	2047	3869	2306	1884
4095	2303	2047	4095	2289	1869
0	2559	2047	359	2565	1886
255	2559	2047	491	2565	1886
511	2559	2047	666	2565	1886
767	2559	2047	878	2565	1886
1023	2559	2047	1108	2565	1886
1279	2559	2047	1347	2565	1886
1535	2559	2047	1593	2565	1885
1791	2559	2047	1841	2564	1885
2047	2559	2047	2092	2564	1885
2303	2559	2047	2344	2564	1884
2559	2559	2047	2597	2564	1884
2815	2559	2047	2851	2564	1883
3071	2559	2047	3105	2563	1883
3327	2559	2047	3360	2563	1882
3583	2559	2047	3615	2563	1882
3839	2559	2047	3871	2562	1881
4095	2559	2047	4095	2542	1866
0	2815	2047	389	2821	1883
255	2815	2047	514	2821	1883
511	2815	2047	683	2821	1883
767	2815	2047	891	2821	1883
1023	2815	2047	1118	2821	1883
1279	2815	2047	1355	2821	1883
1535	2815	2047	1599	2820	1882
1791	2815	2047	1846	2820	1882
2047	2815	2047	2096	2820	1882
2303	2815	2047	2348	2820	1881
2559	2815	2047	2600	2820	1881
2815	2815	2047	2854	2820	1880
3071	2815	2047	3108	2819	1880
3327	2815	2047	3363	2819	1879
3583	2815	2047	3618	2819	1879
3839	2815	2047	3873	2818	1878
4095	2815	2047	4095	2795	1862
0	3071	2047	420	3077	1880
255	3071	2047	538	3077	1880
511	3071	2047	702	3077	1879
767	3071	2047	905	3077	1879
1023	3071	2047	1128	3076	1879
1279	3071	2047	1364	3076	1879
1535	3071	2047	1606	3076	1879
1791	3071	2047	1852	3076	1879
2047	3071	2047	2101	3076	1878
2303	3071	2047	2352	3076	1878
2559	3071	2047	2604	3076	1877
2815	3071	2047	2857	3075	1877
3071	3071	2047	3111	3075	1876
3327	3071	2047	3365	3075	1876
3583	3071	2047	3620	3075	1875
3839	3071	2047	3875	3074	1874
4095	3071	2047	4095	3048	1857
0	3327	2047	453	3333	1876
255	3327	2047	564	3333	1876
511	3327	2047	722	3332	1876
767	3327	2047	920	3332	1876
1023	3327	2047	1140	3332	1875
1279	3327	2047	1373	3332	1875
1535	3327	2047	1614	3332	1875
1791	3327	2047	1859	3332	1875
2047	3327	2047	2107	3332	1874
2303	3327	2047	2357	3332	1874
2559	3327	2047	2608	3332	1874
2815	3327	2047	2861	3332	1873
3071	3327	2047	3114	3331	1873
3327	3327	2047	3368	3331	1872
3583	3327	2047	3623	3331	1871
3839	3327	2047	3878	3331	1870
4095	3327	2047	4095	3300	1853
0	3583	2047	487	3588	1871
255	3583	2047	592	3588	1871
511	3583	2047	743	3588	1871
767	3583	2047	936	3588	1871
1023	3583	2047	1153	3588	1871
1279	3583	2047	1384	3588	1871
1535	3583	2047	1622	3588	1871
1791	3583	2047	1866	3588	1870
2047	3583	2047	2113	3588	1870
2303	3583	2047	2362	3588	1870
2559	3583	2047	2613	3588	1869
2815	3583	2047	2865	3588	1869
3071	3583	2047	3118	3587	1868
3327	3583	2047	3372	3587	1868
3583	3583	2047	3626	3587	1867
3839	3583	2047	3880	3587	1866
4095	3583	2047	4095	3551	1847
0	3839	2047	521	3844	1867
255	3839	2047	621	3844	1867
511	3839	2047	766	3844	1867
767	3839	2047	954	3844	1867
1023	3839	2047	1167	3844	1866
1279	3839	2047	1395	3844	1866
1535	3839	2047	1632	3844	1866
1791	3839	2047	1874	3844	1866
2047	3839	2047	2120	3844	1865
2303	3839	2047	2368	3844	1865
2559	3839	2047	2618	3844	1865
2815	3839	2047	2870	3844	1864
3071	3839	2047	3122	3843	1864
3327	3839	2047	3375	3843	1863
3583	3839	2047	3629	3843	1862
3839	3839	2047	3884	3843	1861
4095	3839	2047	4095	3802	1841
0	4095	2047	556	4095	1859
255	4095	2047	650	4095	1859
511	4095	2047	789	4095	1859
767	4095	2047	972	4095	1859
1023	4095	2047	1181	4095	1859
1279	4095	2047	1406	4095	1859
1535	4095	2047	1640	4095	1858
1791	4095	2047	1880	4095	1858
2047	4095	2047	2124	4095	1858
2303	4095	2047	2372	4095	1858
2559	4095	2047	2621	4095	1857
2815	4095	2047	2871	4095	1857
3071	4095	2047	3123	4095	1856
3327	4095	2047	3376	4095	1856
3583	4095	2047	3629	4095	1855
3839	4095	2047	3883	4095	1854
4095	4095	2047	4095	4053	1835
0	0	2303	245	77	2138
255	0	2303	410	77	2138
511	0	2303	609	76	2138
767	0	2303	836	75	2138
1023	0	2303	1076	74	2138
1279	0	2303	1322	73	2138
1535	0	2303	1572	71	2138
1791	0	2303	1824	69	2137
2047	0	2303	2077	66	2137
2303	0	2303	2331	63	2137
2559	0	2303	2586	59	2137
2815	0	2303	2841	54	2136
3071	0	2303	3097	50	2136
3327	0	2303	3352	44	2135
3583	0	2303	3608	38	2134
3839	0	2303	3864	32	2134
4095	0	2303	4095	25	2120
0	255	2303	247	308	2138
255	255	2303	412	308	2138
511	255	2303	610	307	2138
767	255	2303	837	307	2138
1023	255	2303	1077	306	2138
1279	255	2303	1323	305	2138
1535	255	2303	1573	304	2138
1791	255	2303	1824	303	2137
2047	255	2303	2077	301	2137
2303	255	2303	2331	299	2137
2559	255	2303	2586	296	2136
2815	255	2303	2841	293	2136
3071	255	2303	3097	290	2135
3327	255	2303	3352	287	2135
3583	255	2303	3608	283	2134
3839	255	2303	3864	278	2134
4095	255	2303	4095	271	2120
0	511	2303	252	542	2138
255	511	2303	415	542	2138
511	511	2303	612	542	2138
767	511	2303	839	541	2138
1023	511	2303	1078	541	2138
1279	511	2303	1324	540	2137
1535	511	2303	1573	540	2137
1791	511	2303	1825	539	2137
2047	511	2303	2078	538	2137
2303	511	2303	2332	536	2136
2559	511	2303	2586	535	2136
2815	511	2303	2842	533	2136
3071	511	2303	3097	531	2135
3327	511	2303	3353	529	2135
3583	511	2303	3609	527	2134
3839	511	2303	3865	524	2133
4095	511	2303	4095	518	2119
0	767	2303	259	788	2137
255	767	2303	420	788	2137
511	767	2303	616	788	2137
767	767	2303	841	788	2137
1023	767	2303	1080	787	2137
1279	767	2303	1325	787	2137
1535	767	2303	1574	786	2137
1791	767	2303	1826	786	2137
2047	767	2303	2079	785	2136
2303	767	2303	2333	784	2136
2559	767	2303	2587	783	2136
2815	767	2303	2842	782	2135
3071	767	2303	3097	781	2135
3327	767	2303	3353	780	2134
3583	767	2303	3609	778	2134
3839	767	2303	3865	776	2133
4095	767	2303	4095	769	2119
0	1023	2303	270	1039	2137
255	1023	2303	427	1039	2137
511	1023	2303	621	1039	2137
767	1023	2303	844	1038	2137
1023	1023	2303	1082	1038	2136
1279	1023	2303	1327	1038	2136
1535	1023	2303	1576	1038	2136
1791	1023	2303	1827	1037	2136
2047	1023	2303	2080	1037	2136
2303	1023	2303	2334	1036	2135
2559	1023	2303	2588	1035	2135
2815	1023	2303	2843	1034	2134
3071	1023	2303	3098	1034	2134
3327	1023	2303	3354	1033	2133
3583	1023	2303	3610	1031	2133
3839	1023	2303	3866	1030	2132
4095	1023	2303	4095	1022	2118
0	1279	2303	283	1292	2136
255	1279	2303	436	1292	2136
511	1279	2303	627	1291	2136
767	1279	2303	849	1291	2136
1023	1279	2303	1086	1291	2136
1279	1279	2303	1330	1291	2135
1535	1279	2303	1578	1291	2135
1791	1279	2303	1829	1290	2135
2047	1279	2303	2082	1290	2135
2303	1279	2303	2335	1289	2134
2559	1279	2303	2589	1289	2134
2815	1279	2303	2844	1288	2134
3071	1279	2303	3099	1288	2133
3327	1279	2303	3355	1287	2133
3583	1279	2303	3610	1286	2132
3839	1279	2303	3866	1285	2131
4095	1279	2303	4095	1275	2116
0	1535	2303	300	1546	2135
255	1535	2303	448	1546	2135
511	1535	2303	635	1545	2135
767	1535	2303	855	1545	2134
1023	1535	2303	1090	1545	2134
1279	1535	2303	1334	1545	2134
1535	1535	2303	1581	1545	2134
1791	1535	2303	1832	1545	2134
2047	1535	2303	2084	1544	2134
2303	1535	2303	2337	1544	2133
2559	1535	2303	2591	1543	2133
2815	1535	2303	2845	1543	2132
3071	1535	2303	3100	1542	2132
3327	1535	2303	3356	1542	2131
3583	1535	2303	3611	1541	2131
3839	1535	2303	3867	1540	2130
4095	1535	2303	4095	1529	2115
0	1791	2303	319	1800	2133
255	1791	2303	461	1800	2133
511	1791	2303	645	1800	2133
767	1791	2303	862	1800	2133
1023	1791	2303	1096	1800	2133
1279	1791	2303	1338	1800	2133
1535	1791	2303	1585	1800	2133
1791	1791	2303	1834	1799	2132
2047	1791	2303	2086	1799	2132
2303	1791	2303	2339	1799	2132
2559	1791	2303	2593	1798	2131
2815	1791	2303	2847	1798	2131
3071	1791	2303	3102	1798	2130
3327	1791	2303	3357	1797	2130
3583	1791	2303	3613	1796	2129
3839	1791	2303	3868	1796	2129
4095	1791	2303	4095	1782	2113
0	2047	2303	340	2055	2131
255	2047	2303	477	2055	2131
511	2047	2303	656	2055	2131
767	2047	2303	870	2055	2131
1023	2047	2303	1102	2055	2131
1279	2047	2303	1343	2055	2131
1535	2047	2303	1589	2055	2131
1791	2047	2303	1838	2055	2131
2047	2047	2303	2089	2054	2130
2303	2047	2303	2341	2054	2130
2559	2047	2303	2595	2054	2130
2815	2047	2303	2849	2053	2129
3071	2047	2303	3104	2053	2129
3327	2047	2303	3359	2053	2128
3583	2047	2303	3614	2052	2128
3839	2047	2303	3870	2051	2127
4095	2047	2303	4095	2036	2111
0	2303	2303	364	2311	2129
255	2303	2303	495	2311	2129
511	2303	2303	669	2311	2129
767	2303	2303	880	2310	2129
1023	2303	2303	1110	2310	2129
1279	2303	2303	1349	2310	2129
1535	2303	2303	1594	2310	2129
1791	2303	2303	1842	2310	2129
2047	2303	2303	2092	2310	2128
2303	2303	2303	2344	2310	2128
2559	2303	2303	2597	2309	2128
2815	2303	2303	2851	2309	2127
3071	2303	2303	3106	2309	2127
3327	2303	2303	3361	2308	2126
3583	2303	2303	3616	2308	2126
3839	2303	2303	3871	2307	2125
4095	2303	2303	4095	2289	2108
0	2559	2303	390	2566	2127
255	2559	2303	515	2566	2127
511	2559	2303	684	2566	2127
767	2559	2303	891	2566	2127
1023	2559	2303	1118	2566	2127
1279	2559	2303	1356	2566	2127
1535	2559	2303	1599	2566	2127
1791	2559	2303	1847	2566	2126
2047	2559	2303	2096	2565	2126
2303	2559	2303	2348	2565	2126
2559	2559	2303	2600	2565	2125
2815	2559	2303	2854	2565	2125
3071	2559	2303	3108	2564	2124
3327	2559	2303	3363	2564	2124
3583	2559	2303	3618	2564	2123
3839	2559	2303	3873	2563	2123
4095	2559	2303	4095	2542	2105
0	2815	2303	418	2822	2125
255	2815	2303	537	2822	2125
511	2815	2303	701	2822	2124
767	2815	2303	904	2822	2124
1023	2815	2303	1128	2822	2124
1279	2815	2303	1363	2821	2124
1535	2815	2303	1605	2821	2124
1791	2815	2303	1852	2821	2124
2047	2815	2303	2101	2821	2123
2303	2815	2303	2352	2821	2123
2559	2815	2303	2604	2821	2123
2815	2815	2303	2857	2820	2122
3071	2815	2303	3111	2820	2122
3327	2815	2303	3365	2820	2121
3583	2815	2303	3620	2820	2121
3839	2815	2303	3875	2819	2120
4095	2815	2303	4095	2795	2101
0	3071	2303	448	3077	2122
255	3071	2303	560	3077	2122
511	3071	2303	719	3077	2122
767	3071	2303	917	3077	2121
1023	3071	2303	1138	3077	2121
1279	3071	2303	1372	3077	2121
1535	3071	2303	1612	3077	2121
1791	3071	2303	1858	3077	2121
2047	3071	2303	2106	3077	2120
2303	3071	2303	2356	3077	2120
2559	3071	2303	2608	3077	2120
2815	3071	2303	2860	3076	2119
3071	3071	2303	3114	3076	2119
3327	3071	2303	3368	3076	2118
3583	3071	2303	3622	3076	2118
3839	3071	2303	3877	3075	2117
4095	3071	2303	4095	3047	2097
0	3327	2303	479	3333	2118
255	3327	2303	585	3333	2118
511	3327	2303	738	3333	2118
767	3327	2303	932	3333	2118
1023	3327	2303	1150	3333	2118
1279	3327	2303	1381	3333	2118
1535	3327	2303	1620	3333	2118
1791	3327	2303	1864	3333	2117
2047	3327	2303	2111	3333	2117
2303	3327	2303	2361	3333	2117
2559	3327	2303	2612	3332	2116
2815	3327	2303	2864	3332	2116
3071	3327	2303	3117	3332	2116
3327	3327	2303	3371	3332	2115
3583	3327	2303	3625	3332	2114
3839	3327	2303	3880	3331	2114
4095	3327	2303	4095	3299	2093
0	3583	2303	511	3589	2115
255	3583	2303	612	3589	2115
511	3583	2303	759	3589	2115
767	3583	2303	949	3589	2114
1023	3583	2303	1163	3589	2114
1279	3583	2303	1392	3589	2114
1535	3583	2303	1629	3589	2114
1791	3583	2303	1871	3589	2114
2047	3583	2303	2118	3589	2114
2303	3583	2303	2366	3589	2113
2559	3583	2303	2617	3588	2113
2815	3583	2303	2868	3588	2112
3071	3583	2303	3121	3588	2112
3327	3583	2303	3374	3588	2111
3583	3583	2303	3628	3588	2111
3839	3583	2303	3883	3587	2110
4095	3583	2303	4095	3550	2088
0	3839	2303	544	3845	2111
255	3839	2303	640	3845	2111
511	3839	2303	782	3845	2111
767	3839	2303	966	3845	2110
1023	3839	2303	1177	3845	2110
1279	3839	2303	1403	3845	2110
1535	3839	2303	1638	3845	2110
1791	3839	2303	1879	3845	2110
2047	3839	2303	2124	3845	2109
2303	3839	2303	2372	3845	2109
2559	3839	2303	2622	3844	2109
2815	3839	2303	2873	3844	2108
3071	3839	2303	3125	3844	2108
3327	3839	2303	3378	3844	2107
3583	3839	2303	3632	3844	2107
3839	3839	2303	3886	3843	2106
4095	3839	2303	4095	3801	2082
0	4095	2303	577	4095	2103
255	4095	2303	668	4095	2103
511	4095	2303	804	4095	2103
767	4095	2303	984	4095	2103
1023	4095	2303	1190	4095	2103
1279	4095	2303	1413	4095	2103
1535	4095	2303	1646	4095	2103
1791	4095	2303	1885	4095	2102
2047	4095	2303	2129	4095	2102
2303	4095	2303	2375	4095	2102
2559	4095	2303	2624	4095	2102
2815	4095	2303	2874	4095	2101
3071	4095	2303	3126	4095	2101
3327	4095	2303	3378	4095	2100
3583	4095	2303	3631	4095	2100
3839	4095	2303	3885	4095	2099
4095	4095	2303	4095	4052	2076
0	0	2559	292	97	2378
255	0	2559	442	97	2378
511	0	2559	631	96	2378
767	0	2559	852	95	2377
1023	0	2559	1088	94	2377
1279	0	2559	1332	93	2377
1535	0	2559	1580	91	2377
1791	0	2559	1830	89	2377
2047	0	2559	2083	86	2377
2303	0	2559	2336	83	2376
2559	0	2559	2590	79	2376
2815	0	2559	2845	75	2376
3071	0	2559	3100	70	2375
3327	0	2559	3355	64	2375
3583	0	2559	3611	58	2374
3839	0	2559	3867	52	2374
4095	0	2559	4095	44	2357
0	255	2559	295	321	2377
255	255	2559	444	320	2377
511	255	2559	633	320	2377
767	255	2559	853	320	2377
1023	255	2559	1089	319	2377
1279	255	2559	1332	318	2377
1535	255	2559	1580	317	2377
1791	255	2559	1831	315	2377
2047	255	2559	2083	314	2377
2303	255	2559	2336	312	2376
2559	255	2559	2590	309	2376
2815	255	2559	2845	306	2376
3071	255	2559	3100	303	2375
3327	255	2559	3355	300	2375
3583	255	2559	3611	296	2374
3839	255	2559	3867	292	2374
4095	255	2559	4095	285	2357
0	511	2559	299	549	2377
255	511	2559	447	549	2377
511	511	2559	635	549	2377
767	511	2559	855	549	2377
1023	511	2559	1090	548	2377
1279	511	2559	1333	548	2377
1535	511	2559	1581	547	2377
1791	511	2559	1831	546	2377
2047	511	2559	2083	545	2376
2303	511	2559	2337	544	2376
2559	511	2559	2591	543	2376
2815	511	2559	2845	541	2375
3071	511	2559	3100	539	2375
3327	511	2559	3356	537	2374
3583	511	2559	3611	535	2374
3839	511	2559	3867	532	2373
4095	511	2559	4095	526	2357
0	767	2559	305	793	2377
255	767	2559	452	793	2377
511	767	2559	638	793	2377
767	767	2559	857	793	2377
1023	767	2559	1092	793	2377
1279	767	2559	1335	792	2376
1535	767	2559	1582	792	2376
1791	767	2559	1832	791	2376
2047	767	2559	2084	790	2376
2303	767	2559	2337	789	2376
2559	767	2559	2591	788	2375
2815	767	2559	2846	787	2375
3071	767	2559	3101	786	2374
3327	767	2559	3356	785	2374
3583	767	2559	3612	783	2373
3839	767	2559	3867	781	2373
4095	767	2559	4095	774	2356
0	1023	2559	314	1043	2376
255	1023	2559	458	1043	2376
511	1023	2559	643	1042	2376
767	1023	2559	860	1042	2376
1023	1023	2559	1094	1042	2376
1279	1023	2559	1337	1042	2376
1535	1023	2559	1584	1041	2376
1791	1023	2559	1834	1041	2375
2047	1023	2559	2085	1040	2375
2303	1023	2559	2338	1040	2375
2559	1023	2559	2592	1039	2375
2815	1023	2559	2847	1038	2374
3071	1023	2559	3101	1037	2374
3327	1023	2559	3357	1036	2373
3583	1023	2559	3612	1035	2373
3839	1023	2559	3868	1034	2372
4095	1023	2559	4095	1025	2355
0	1279	2559	326	1295	2375
255	1279	2559	467	1295	2375
511	1279	2559	649	1294	2375
767	1279	2559	865	1294	2375
1023	1279	2559	1098	1294	2375
1279	1279	2559	1340	1294	2375
1535	1279	2559	1586	1294	2375
1791	1279	2559	1836	1293	2375
2047	1279	2559	2087	1293	2374
2303	1279	2559	2340	1292	2374
2559	1279	2559	2593	1292	2374
2815	1279	2559	2848	1291	2373
3071	1279	2559	3102	1291	2373
3327	1279	2559	3358	1290	2373
3583	1279	2559	3613	1289	2372
3839	1279	2559	3869	1288	2372
4095	1279	2559	4095	1278	2354
0	1535	2559	341	1548	2374
255	1535	2559	478	1548	2374
511	1535	2559	657	1548	2374
767	1535	2559	871	1548	2374
1023	1535	2559	1102	1548	2374
1279	1535	2559	1343	1547	2374
1535	1535	2559	1589	1547	2374
1791	1535	2559	1838	1547	2374
2047	1535	2559	2089	1547	2373
2303	1535	2559	2341	1546	2373
2559	1535	2559	2595	1546	2373
2815	1535	2559	2849	1545	2372
3071	1535	2559	3104	1545	2372
3327	1535	2559	3359	1544	2372
3583	1535	2559	3614	1543	2371
3839	1535	2559	3870	1543	2371
4095	1535	2559	4095	1530	2352
0	1791	2559	358	1802	2373
255	1791	2559	490	1802	2373
511	1791	2559	666	1802	2373
767	1791	2559	878	1802	2373
1023	1791	2559	1108	1802	2373
1279	1791	2559	1347	1802	2373
1535	1791	2559	1592	1802	2373
1791	1791	2559	1841	1801	2372
2047	1791	2559	2091	1801	2372
2303	1791	2559	2344	1801	2372
2559	1791	2559	2597	1800	2372
2815	1791	2559	2851	1800	2371
3071	1791	2559	3105	1799	2371
3327	1791	2559	3360	1799	2370
3583	1791	2559	3615	1798	2370
3839	1791	2559	3871	1798	2369
4095	1791	2559	4095	1783	2351
0	2047	2559	378	2057	2372
255	2047	2559	505	2057	2372
511	2047	2559	677	2057	2372
767	2047	2559	886	2057	2372
1023	2047	2559	1114	2057	2371
1279	2047	2559	1352	2057	2371
1535	2047	2559	1596	2056	2371
1791	2047	2559	1844	2056	2371
2047	2047	2559	2094	2056	2371
2303	2047	2559	2346	2056	2370
2559	2047	2559	2599	2055	2370
2815	2047	2559	2853	2055	2370
3071	2047	2559	3107	2055	2369
3327	2047	2559	3362	2054	2369
3583	2047	2559	3617	2054	2368
3839	2047	2559	3872	2053	2368
4095	2047	2559	4095	2036	2348
0	2303	2559	400	2312	2370
255	2303	2559	522	2312	2370
511	2303	2559	690	2312	2370
767	2303	2559	895	2312	2370
1023	2303	2559	1121	2312	2370
1279	2303	2559	1358	2312	2370
1535	2303	2559	1601	2312	2369
1791	2303	2559	1848	2311	2369
2047	2303	2559	2098	2311	2369
2303	2303	2559	2349	2311	2369
2559	2303	2559	2602	2311	2368
2815	2303	2559	2855	2310	2368
3071	2303	2559	3109	2310	2368
3327	2303	2559	3363	2310	2367
3583	2303	2559	3618	2309	2367
3839	2303	2559	3874	2309	2366
4095	2303	2559	4095	2289	2346
0	2559	2559	424	2567	2368
255	2559	2559	541	2567	2368
511	2559	2559	704	2567	2368
767	2559	2559	906	2567	2368
1023	2559	2559	1130	2567	2368
1279	2559	2559	1365	2567	2368
1535	2559	2559	1607	2567	2367
1791	2559	2559	1853	2567	2367
2047	2559	2559	2102	2567	2367
2303	2559	2559	2353	2566	2367
2559	2559	2559	2605	2566	2366
2815	2559	2559	2858	2566	2366
3071	2559	2559	3111	2566	2366
3327	2559	2559	3366	2565	2365
3583	2559	2559	3620	2565	2365
3839	2559	2559	3875	2564	2364
4095	2559	2559	4095	2542	2343
0	2815	2559	450	2823	2366
255	2815	2559	562	2823	2366
511	2815	2559	720	2823	2366
767	2815	2559	919	2823	2365
1023	2815	2559	1139	2823	2365
1279	2815	2559	1372	2823	2365
1535	2815	2559	1613	2822	2365
1791	2815	2559	1858	2822	2365
2047	2815	2559	2106	2822	2365
2303	2815	2559	2356	2822	2364
2559	2815	2559	2608	2822	2364
2815	2815	2559	2861	2822	2364
3071	2815	2559	3114	2821	2363
3327	2815	2559	3368	2821	2363
3583	2815	2559	3623	2821	2362
3839	2815	2559	3877	2820	2362
4095	2815	2559	4095	2794	2340
0	3071	2559	478	3078	2363
255	3071	2559	585	3078	2363
511	3071	2559	738	3078	2363
767	3071	2559	932	3078	2363
1023	3071	2559	1150	3078	2363
1279	3071	2559	1381	3078	2363
1535	3071	2559	1620	3078	2363
1791	3071	2559	1864	3078	2362
2047	3071	2559	2111	3078	2362
2303	3071	2559	2361	3078	2362
2559	3071	2559	2612	3078	2361
2815	3071	2559	2864	3077	2361
3071	3071	2559	3117	3077	2361
3327	3071	2559	3371	3077	2360
3583	3071	2559	3625	3077	2360
3839	3071	2559	3880	3076	2359
4095	3071	2559	4095	3046	2336
0	3327	2559	507	3334	2360
255	3327	2559	609	3334	2360
511	3327	2559	757	3334	2360
767	3327	2559	947	3334	2360
1023	3327	2559	1161	3334	2360
1279	3327	2559	1390	3334	2360
1535	3327	2559	1628	3334	2360
1791	3327	2559	1871	3334	2359
2047	3327	2559	2117	3334	2359
2303	3327	2559	2366	3334	2359
2559	3327	2559	2616	3333	2359
2815	3327	2559	2868	3333	2358
3071	3327	2559	3120	3333	2358
3327	3327	2559	3374	3333	2357
3583	3327	2559	3628	3332	2357
3839	3327	2559	3882	3332	2356
4095	3327	2559	4095	3298	2332
0	3583	2559	537	3590	2357
255	3583	2559	634	3590	2357
511	3583	2559	777	3590	2357
767	3583	2559	963	3590	2357
1023	3583	2559	1174	3590	2357
1279	3583	2559	1401	3590	2357
1535	3583	2559	1636	3590	2356
1791	3583	2559	1878	3590	2356
2047	3583	2559	2123	3590	2356
2303	3583	2559	2371	3589	2356
2559	3583	2559	2621	3589	2355
2815	3583	2559	2872	3589	2355
3071	3583	2559	3124	3589	2355
3327	3583	2559	3377	3589	2354
3583	3583	2559	3631	3588	2354
3839	3583	2559	3885	3588	2353
4095	3583	2559	4095	3549	2327
0	3839	2559	569	3846	2353
255	3839	2559	661	3846	2353
511	3839	2559	799	3846	2353
767	3839	2559	980	3846	2353
1023	3839	2559	1188	3846	2353
1279	3839	2559	1412	3846	2353
1535	3839	2559	1646	3846	2353
1791	3839	2559	1886	3846	2353
2047	3839	2559	2130	3845	2352
2303	3839	2559	2377	3845	2352
2559	3839	2559	2626	3845	2352
2815	3839	2559	2876	3845	2352
3071	3839	2559	3128	3845	2351
3327	3839	2559	3381	3845	2351
3583	3839	2559	3634	3844	2350
3839	3839	2559	3888	3844	2350
4095	3839	2559	4095	3800	2322
0	4095	2559	600	4095	2346
255	4095	2559	688	4095	2346
511	4095	2559	821	4095	2346
767	4095	2559	997	4095	2346
1023	4095	2559	1201	4095	2346
1279	4095	2559	1422	4095	2345
1535	4095	2559	1653	4095	2345
1791	4095	2559	1891	4095	2345
2047	4095	2559	2134	4095	2345
2303	4095	2559	2379	4095	2345
2559	4095	2559	2628	4095	2345
2815	4095	2559	2877	4095	2344
3071	4095	2559	3128	4095	2344
3327	4095	2559	3380	4095	2344
3583	4095	2559	3633	4095	2343
3839	4095	2559	3886	4095	2343
4095	4095	2559	4095	4050	2317
0	0	2815	340	120	2617
255	0	2815	477	120	2617
511	0	2815	656	119	2617
767	0	2815	870	118	2617
1023	0	2815	1102	117	2617
1279	0	2815	1343	116	2617
1535	0	2815	1589	114	2616
1791	0	2815	1838	111	2616
2047	0	2815	2089	109	2616
2303	0	2815	2341	105	2616
2559	0	2815	2595	102	2616
2815	0	2815	2849	97	2615
3071	0	2815	3104	93	2615
3327	0	2815	3359	87	2614
3583	0	2815	3614	81	2614
3839	0	2815	3870	75	2614
4095	0	2815	4095	67	2594
0	255	2815	342	334	2617
255	255	2815	478	334	2617
511	255	2815	657	334	2617
767	255	2815	871	333	2617
1023	255	2815	1103	333	2617
1279	255	2815	1343	332	2617
1535	255	2815	1589	331	2616
1791	255	2815	1838	329	2616
2047	255	2815	2089	328	2616
2303	255	2815	2342	326	2616
2559	255	2815	2595	323	2615
2815	255	2815	2849	321	2615
3071	255	2815	3104	318	2615
3327	255	2815	3359	314	2614
3583	255	2815	3614	311	2614
3839	255	2815	3870	306	2613
4095	255	2815	4095	300	2594
0	511	2815	345	558	2617
255	511	2815	481	558	2617
511	511	2815	659	558	2617
767	511	2815	873	557	2616
1023	511	2815	1104	557	2616
1279	511	2815	1344	556	2616
1535	511	2815	1590	556	2616
1791	511	2815	1839	555	2616
2047	511	2815	2090	554	2616
2303	511	2815	2342	553	2616
2559	511	2815	2595	551	2615
2815	511	2815	2849	550	2615
3071	511	2815	3104	548	2615
3327	511	2815	3359	546	2614
3583	511	2815	3614	543	2614
3839	511	2815	3870	541	2613
4095	511	2815	4095	534	2593
0	767	2815	351	799	2616
255	767	2815	485	799	2616
511	767	2815	662	799	2616
767	767	2815	875	799	2616
1023	767	2815	1105	798	2616
1279	767	2815	1346	798	2616
1535	767	2815	1591	797	2616
1791	767	2815	1840	797	2616
2047	767	2815	2090	796	2615
2303	767	2815	2343	795	2615
2559	767	2815	2596	794	2615
2815	767	2815	2850	793	2615
3071	767	2815	3105	792	2614
3327	767	2815	3359	791	2614
3583	767	2815	3615	789	2613
3839	767	2815	3870	787	2613
4095	767	2815	4095	780	2593
0	1023	2815	359	1047	2616
255	1023	2815	491	1047	2616
511	1023	2815	667	1047	2616
767	1023	2815	878	1047	2616
1023	1023	2815	1108	1046	2616
1279	1023	2815	1348	1046	2615
1535	1023	2815	1593	1046	2615
1791	1023	2815	1841	1045	2615
2047	1023	2815	2092	1045	2615
2303	1023	2815	2344	1044	2615
2559	1023	2815	2597	1043	2614
2815	1023	2815	2851	1043	2614
3071	1023	2815	3105	1042	2614
3327	1023	2815	3360	1041	2613
3583	1023	2815	3615	1040	2613
3839	1023	2815	3871	1038	2612
4095	1023	2815	4095	1029	2592
0	1279	2815	370	1298	2615
255	1279	2815	499	1298	2615
511	1279	2815	673	1298	2615
767	1279	2815	883	1298	2615
1023	1279	2815	1111	1298	2615
1279	1279	2815	1350	1297	2615
1535	1279	2815	1595	1297	2615
1791	1279	2815	1843	1297	2614
2047	1279	2815	2093	1296	2614
2303	1279	2815	2345	1296	2614
2559	1279	2815	2598	1295	2614
2815	1279	2815	2852	1295	2613
3071	1279	2815	3106	1294	2613
3327	1279	2815	3361	1293	2613
3583	1279	2815	3616	1292	2612
3839	1279	2815	3872	1291	2612
4095	1279	2815	4095	1280	2591
0	1535	2815	383	1551	2614
255	1535	2815	510	1551	2614
511	1535	2815	680	1551	2614
767	1535	2815	888	1550	2614
1023	1535	2815	1116	1550	2614
1279	1535	2815	1354	1550	2614
1535	1535	2815	1598	1550	2614
1791	1535	2815	1845	1550	2613
2047	1535	2815	2095	1549	2613
2303	1535	2815	2347	1549	2613
2559	1535	2815	2600	1548	2613
2815	1535	2815	2853	1548	2612
3071	1535	2815	3107	1547	2612
3327	1535	2815	3362	1547	2612
3583	1535	2815	3617	1546	2611
3839	1535	2815	3872	1545	2611
4095	1535	2815	4095	1532	2589
0	1791	2815	399	1804	2613
255	1791	2815	522	1804	2613
511	1791	2815	689	1804	2613
767	1791	2815	895	1804	2613
1023	1791	2815	1121	1804	2613
1279	1791	2815	1358	1804	2613
1535	1791	2815	1601	1804	2613
1791	1791	2815	1848	1804	2612
2047	1791	2815	2098	1803	2612
2303	1791	2815	2349	1803	2612
2559	1791	2815	2601	1803	2612
2815	1791	2815	2855	1802	2611
3071	1791	2815	3109	1802	2611
3327	1791	2815	3363	1801	2611
3583	1791	2815	3618	1801	2610
3839	1791	2815	3874	1800	2610
4095	1791	2815	4095	1784	2588
0	2047	2815	417	2059	2612
255	2047	2815	536	2059	2612
511	2047	2815	700	2059	2612
767	2047	2815	903	2059	2612
1023	2047	2815	1127	2059	2611
1279	2047	2815	1363	2058	2611
1535	2047	2815	1605	2058	2611
1791	2047	2815	1852	2058	2611
2047	2047	2815	2101	2058	2611
2303	2047	2815	2352	2058	2611
2559	2047	2815	2604	2057	2610
2815	2047	2815	2857	2057	2610
3071	2047	2815	3111	2057	2610
3327	2047	2815	3365	2056	2609
3583	2047	2815	3620	2056	2609
3839	2047	2815	3875	2055	2608
4095	2047	2815	4095	2037	2585
0	2303	2815	437	2314	2610
255	2303	2815	552	2314	2610
511	2303	2815	712	2314	2610
767	2303	2815	912	2314	2610
1023	2303	2815	1135	2313	2610
1279	2303	2815	1369	2313	2610
1535	2303	2815	1610	2313	2610
1791	2303	2815	1856	2313	2610
2047	2303	2815	2104	2313	2609
2303	2303	2815	2354	2313	2609
2559	2303	2815	2606	2312	2609
2815	2303	2815	2859	2312	2608
3071	2303	2815	3113	2312	2608
3327	2303	2815	3367	2311	2608
3583	2303	2815	3621	2311	2607
3839	2303	2815	3876	2310	2607
4095	2303	2815	4095	2289	2583
0	2559	2815	460	2569	2608
255	2559	2815	570	2569	2608
511	2559	2815	726	2569	2608
767	2559	2815	923	2569	2608
1023	2559	2815	1143	2569	2608
1279	2559	2815	1375	2568	2608
1535	2559	2815	1615	2568	2608
1791	2559	2815	1860	2568	2608
2047	2559	2815	2108	2568	2608
2303	2559	2815	2358	2568	2607
2559	2559	2815	2609	2568	2607
2815	2559	2815	2862	2567	2607
3071	2559	2815	3115	2567	2606
3327	2559	2815	3369	2567	2606
3583	2559	2815	3623	2566	2605
3839	2559	2815	3878	2566	2605
4095	2559	2815	4095	2542	2580
0	2815	2815	484	2824	2606
255	2815	2815	590	2824	2606
511	2815	2815	742	2824	2606
767	2815	2815	935	2824	2606
1023	2815	2815	1152	2824	2606
1279	2815	2815	1383	2824	2606
1535	2815	2815	1622	2824	2606
1791	2815	2815	1865	2824	2606
2047	2815	2815	2112	2823	2605
2303	2815	2815	2362	2823	2605
2559	2815	2815	2613	2823	2605
2815	2815	2815	2865	2823	2605
3071	2815	2815	3118	2823	2604
3327	2815	2815	3371	2822	2604
3583	2815	2815	3626	2822	2603
3839	2815	2815	3880	2822	2603
4095	2815	2815	4095	2794	2577
0	3071	2815	510	3080	2604
255	3071	2815	611	3080	2604
511	3071	2815	759	3080	2604
767	3071	2815	948	3080	2604
1023	3071	2815	1163	3079	2604
1279	3071	2815	1391	3079	2604
1535	3071	2815	1629	3079	2604
1791	3071	2815	1871	3079	2603
2047	3071	2815	2117	3079	2603
2303	3071	2815	2366	3079	2603
2559	3071	2815	2616	3079	2603
2815	3071	2815	2868	3078	2602
3071	3071	2815	3121	3078	2602
3327	3071	2815	3374	3078	2602
3583	3071	2815	3628	3078	2601
3839	3071	2815	3882	3077	2601
4095	3071	2815	4095	3046	2574
0	3327	2815	537	3335	2602
255	3327	2815	634	3335	2602
511	3327	2815	777	3335	2601
767	3327	2815	963	3335	2601
1023	3327	2815	1174	3335	2601
1279	3327	2815	1401	3335	2601
1535	3327	2815	1636	3335	2601
1791	3327	2815	1878	3335	2601
2047	3327	2815	2123	3335	2601
2303	3327	2815	2371	3335	2600
2559	3327	2815	2621	3334	2600
2815	3327	2815	2872	3334	2600
3071	3327	2815	3124	3334	2599
3327	3327	2815	3377	3334	2599
3583	3327	2815	3631	3333	2599
3839	3327	2815	3885	3333	2598
4095	3327	2815	4095	3297	2570
0	3583	2815	566	3591	2599
255	3583	2815	659	3591	2599
511	3583	2815	797	3591	2599
767	3583	2815	979	3591	2599
1023	3583	2815	1187	3591	2599
1279	3583	2815	1411	3591	2598
1535	3583	2815	1645	3591	2598
1791	3583	2815	1885	3591	2598
2047	3583	2815	2129	3590	2598
2303	3583	2815	2376	3590	2598
2559	3583	2815	2625	3590	2597
2815	3583	2815	2876	3590	2597
3071	3583	2815	3128	3590	2597
3327	3583	2815	3381	3590	2596
3583	3583	2815	3634	3589	2596
3839	3583	2815	3888	3589	2595
4095	3583	2815	4095	3548	2565
0	3839	2815	596	3847	2596
255	3839	2815	685	3847	2596
511	3839	2815	818	3847	2596
767	3839	2815	996	3847	2596
1023	3839	2815	1200	3847	2595
1279	3839	2815	1422	3847	2595
1535	3839	2815	1654	3846	2595
1791	3839	2815	1893	3846	2595
2047	3839	2815	2136	3846	2595
2303	3839	2815	2382	3846	2595
2559	3839	2815	2631	3846	2594
2815	3839	2815	2881	3846	2594
3071	3839	2815	3132	3846	2594
3327	3839	2815	3384	3845	2593
3583	3839	2815	3637	3845	2593
3839	3839	2815	3891	3845	2592
4095	3839	2815	4095	3798	2560
0	4095	2815	626	4095	2587
255	4095	2815	710	4095	2587
511	4095	2815	839	4095	2587
767	4095	2815	1012	4095	2587
1023	4095	2815	1213	4095	2587
1279	4095	2815	1431	4095	2587
1535	4095	2815	1661	4095	2587
1791	4095	2815	1898	4095	2587
2047	4095	2815	2139	4095	2587
2303	4095	2815	2384	4095	2587
2559	4095	2815	2632	4095	2586
2815	4095	2815	2881	4095	2586
3071	4095	2815	3131	4095	2586
3327	4095	2815	3383	4095	2586
3583	4095	2815	3635	4095	2585
3839	4095	2815	3888	4095	2585
4095	4095	2815	4095	4048	2555
0	0	3071	387	145	2856
255	0	3071	513	145	2856
511	0	3071	682	145	2856
767	0	3071	890	144	2856
1023	0	3071	1117	143	2856
1279	0	3071	1355	141	2856
1535	0	3071	1598	139	2856
1791	0	3071	1846	137	2856
2047	0	3071	2096	134	2856
2303	0	3071	2347	131	2855
2559	0	3071	2600	127	2855
2815	0	3071	2854	123	2855
3071	0	3071	3108	118	2854
3327	0	3071	3362	113	2854
3583	0	3071	3617	107	2854
3839	0	3071	3873	100	2853
4095	0	3071	4095	92	2830
0	255	3071	389	349	2856
255	255	3071	514	349	2856
511	255	3071	683	349	2856
767	255	3071	891	348	2856
1023	255	3071	1118	348	2856
1279	255	3071	1355	347	2856
1535	255	3071	1599	346	2856
1791	255	3071	1846	344	2856
2047	255	3071	2096	343	2855
2303	255	3071	2348	341	2855
2559	255	3071	2600	339	2855
2815	255	3071	2854	336	2855
3071	255	3071	3108	333	2854
3327	255	3071	3363	330	2854
3583	255	3071	3618	327	2854
3839	255	3071	3873	323	2853
4095	255	3071	4095	316	2830
0	511	3071	392	567	2856
255	511	3071	517	567	2856
511	511	3071	685	567	2856
767	511	3071	892	567	2856
1023	511	3071	1119	567	2856
1279	511	3071	1356	566	2856
1535	511	3071	1600	565	2856
1791	511	3071	1847	564	2855
2047	511	3071	2097	563	2855
2303	511	3071	2348	562	2855
2559	511	3071	2601	561	2855
2815	511	3071	2854	559	2854
3071	511	3071	3108	557	2854
3327	511	3071	3363	555	2854
3583	511	3071	3618	553	2853
3839	511	3071	3873	551	2853
4095	511	3071	4095	544	2829
0	767	3071	398	806	2856
255	767	3071	521	805	2856
511	767	3071	688	805	2856
767	767	3071	894	805	2856
1023	767	3071	1121	805	2855
1279	767	3071	1358	805	2855
1535	767	3071	1601	804	2855
1791	767	3071	1848	803	2855
2047	767	3071	2097	803	2855
2303	767	3071	2349	802	2855
2559	767	3071	2601	801	2854
2815	767	3071	2855	800	2854
3071	767	3071	3109	799	2854
3327	767	3071	3363	797	2853
3583	767	3071	3618	796	2853
3839	767	3071	3873	794	2853
4095	767	3071	4095	786	2829
0	1023	3071	405	1052	2855
255	1023	3071	526	1052	2855
511	1023	3071	693	1052	2855
767	1023	3071	898	1051	2855
1023	1023	3071	1123	1051	2855
1279	1023	3071	1360	1051	2855
1535	1023	3071	1602	1051	2855
1791	1023	3071	1849	1050	2855
2047	1023	3071	2099	1050	2854
2303	1023	3071	2350	1049	2854
2559	1023	3071	2602	1048	2854
2815	1023	3071	2855	1047	2854
3071	1023	3071	3109	1047	2853
3327	1023	3071	3364	1046	2853
3583	1023	3071	3619	1044	2853
3839	1023	3071	3874	1043	2852
4095	1023	3071	4095	1033	2828
0	1279	3071	415	1302	2855
255	1279	3071	534	1302	2855
511	1279	3071	698	1302	2854
767	1279	3071	902	1301	2854
1023	1279	3071	1126	1301	2854
1279	1279	3071	1362	1301	2854
1535	1279	3071	1605	1301	2854
1791	1279	3071	1851	1300	2854
2047	1279	3071	2100	1300	2854
2303	1279	3071	2351	1300	2854
2559	1279	3071	2603	1299	2853
2815	1279	3071	2857	1298	2853
3071	1279	3071	3110	1298	2853
3327	1279	3071	3365	1297	2852
3583	1279	3071	3620	1296	2852
3839	1279	3071	3875	1295	2851
4095	1279	3071	4095	1283	2827
0	1535	3071	427	1554	2854
255	1535	3071	543	1554	2854
511	1535	3071	706	1554	2854
767	1535	3071	908	1553	2854
1023	1535	3071	1131	1553	2854
1279	1535	3071	1366	1553	2853
1535	1535	3071	1607	1553	2853
1791	1535	3071	1853	1553	2853
2047	1535	3071	2102	1552	2853
2303	1535	3071	2353	1552	2853
2559	1535	3071	2605	1552	2852
2815	1535	3071	2858	1551	2852
3071	1535	3071	3112	1550	2852
3327	1535	3071	3366	1550	2852
3583	1535	3071	3621	1549	2851
3839	1535	3071	3876	1548	2851
4095	1535	3071	4095	1534	2825
0	1791	3071	441	1807	2853
255	1791	3071	555	1807	2853
511	1791	3071	714	1807	2853
767	1791	3071	914	1807	2853
1023	1791	3071	1136	1807	2853
1279	1791	3071	1370	1807	2852
1535	1791	3071	1611	1806	2852
1791	1791	3071	1856	1806	2852
2047	1791	3071	2105	1806	2852
2303	1791	3071	2355	1806	2852
2559	1791	3071	2607	1805	2852
2815	1791	3071	2860	1805	2851
3071	1791	3071	3113	1804	2851
3327	1791	3071	3367	1804	2851
3583	1791	3071	3622	1803	2850
3839	1791	3071	3877	1802	2850
4095	1791	3071	4095	1786	2824
0	2047	3071	457	2061	2852
255	2047	3071	568	2061	2852
511	2047	3071	725	2061	2852
767	2047	3071	922	2061	2851
1023	2047	3071	1142	2061	2851
1279	2047	3071	1375	2061	2851
1535	2047	3071	1615	2060	2851
1791	2047	3071	1860	2060	2851
2047	2047	3071	2108	2060	2851
2303	2047	3071	2358	2060	2851
2559	2047	3071	2609	2059	2850
2815	2047	3071	2861	2059	2850
3071	2047	3071	3115	2059	2850
3327	2047	3071	3369	2058	2849
3583	2047	3071	3623	2058	2849
3839	2047	3071	3878	2057	2849
4095	2047	3071	4095	2038	2822
0	2303	3071	476	2315	2850
255	2303	3071	583	2315	2850
511	2303	3071	737	2315	2850
767	2303	3071	931	2315	2850
1023	2303	3071	1149	2315	2850
1279	2303	3071	1380	2315	2850
1535	2303	3071	1620	2315	2850
1791	2303	3071	1864	2315	2850
2047	2303	3071	2111	2315	2849
2303	2303	3071	2360	2314	2849
2559	2303	3071	2612	2314	2849
2815	2303	3071	2864	2314	2849
3071	2303	3071	3117	2314	2848
3327	2303	3071	3371	2313	2848
3583	2303	3071	3625	2313	2848
3839	2303	3071	3880	2312	2847
4095	2303	3071	4095	2290	2819
0	2559	3071	497	2570	2849
255	2559	3071	600	2570	2849
511	2559	3071	750	2570	2849
767	2559	3071	942	2570	2849
1023	2559	3071	1157	2570	2848
1279	2559	3071	1387	2570	2848
1535	2559	3071	1625	2570	2848
1791	2559	3071	1868	2570	2848
2047	2559	3071	2115	2570	2848
2303	2559	3071	2364	2569	2848
2559	2559	3071	2615	2569	2847
2815	2559	3071	2866	2569	2847
3071	2559	3071	3119	2569	2847
3327	2559	3071	3373	2568	2846
3583	2559	3071	3627	2568	2846
3839	2559	3071	3881	2568	2846
4095	2559	3071	4095	2542	2817
0	2815	3071	519	2826	2847
255	2815	3071	619	2826	2847
511	2815	3071	765	2825	2847
767	2815	3071	953	2825	2847
1023	2815	3071	1167	2825	2847
1279	2815	3071	1394	2825	2847
1535	2815	3071	1631	2825	2846
1791	2815	3071	1873	2825	2846
2047	2815	3071	2119	2825	2846
2303	2815	3071	2368	2825	2846
2559	2815	3071	2618	2825	2846
2815	2815	3071	2869	2824	2845
3071	2815	3071	3122	2824	2845
3327	2815	3071	3375	2824	2845
3583	2815	3071	3629	2823	2844
3839	2815	3071	3883	2823	2844
4095	2815	3071	4095	2793	2814
0	3071	3071	543	3081	2845
255	3071	3071	639	3081	2845
511	3071	3071	781	3081	2845
767	3071	3071	966	3081	2845
1023	3071	3071	1177	3081	2845
1279	3071	3071	1403	3081	2844
1535	3071	3071	1638	3081	2844
1791	3071	3071	1879	3080	2844
2047	3071	3071	2124	3080	2844
2303	3071	3071	2372	3080	2844
2559	3071	3071	2622	3080	2844
2815	3071	3071	2873	3080	2843
3071	3071	3071	3125	3080	2843
3327	3071	3071	3378	3079	2843
3583	3071	3071	3632	3079	2842
3839	3071	3071	3886	3079	2842
4095	3071	3071	4095	3045	2810
0	3327	3071	569	3336	2843
255	3327	3071	662	3336	2842
511	3327	3071	799	3336	2842
767	3327	3071	980	3336	2842
1023	3327	3071	1188	3336	2842
1279	3327	3071	1412	3336	2842
1535	3327	3071	1646	3336	2842
1791	3327	3071	1886	3336	2842
2047	3327	3071	2130	3336	2842
2303	3327	3071	2377	3336	2842
2559	3327	3071	2626	3336	2841
2815	3327	3071	2877	3335	2841
3071	3327	3071	3128	3335	2841
3327	3327	3071	3381	3335	2840
3583	3327	3071	3634	3335	2840
3839	3327	3071	3888	3334	2839
4095	3327	3071	4095	3296	2806
0	3583	3071	597	3592	2840
255	3583	3071	685	3592	2840
511	3583	3071	819	3592	2840
767	3583	3071	996	3592	2840
1023	3583	3071	1201	3592	2840
1279	3583	3071	1422	3592	2840
1535	3583	3071	1654	3592	2840
1791	3583	3071	1893	3592	2839
2047	3583	3071	2136	3592	2839
2303	3583	3071	2382	3591	2839
2559	3583	3071	2631	3591	2839
2815	3583	3071	2881	3591	2838
3071	3583	3071	3132	3591	2838
3327	3583	3071	3384	3591	2838
3583	3583	3071	3637	3590	2837
3839	3583	3071	3891	3590	2837
4095	3583	3071	4095	3547	2802
0	3839	3071	625	3848	2837
255	3839	3071	710	3848	2837
511	3839	3071	839	3848	2837
767	3839	3071	1013	3848	2837
1023	3839	3071	1214	3848	2837
1279	3839	3071	1433	3847	2837
1535	3839	3071	1663	3847	2837
1791	3839	3071	1900	3847	2837
2047	3839	3071	2143	3847	2836
2303	3839	3071	2388	3847	2836
2559	3839	3071	2636	3847	2836
2815	3839	3071	2885	3847	2836
3071	3839	3071	3136	3847	2835
3327	3839	3071	3388	3846	2835
3583	3839	3071	3641	3846	2835
3839	3839	3071	3894	3846	2834
4095	3839	3071	4095	3797	2798
0	4095	3071	654	4095	2828
255	4095	3071	735	4095	2828
511	4095	3071	859	4095	2828
767	4095	3071	1028	4095	2828
1023	4095	3071	1226	4095	2828
1279	4095	3071	1442	4095	2828
1535	4095	3071	1670	4095	2828
1791	4095	3071	1905	4095	2828
2047	4095	3071	2146	4095	2828
2303	4095	3071	2390	4095	2828
2559	4095	3071	2636	4095	2828
2815	4095	3071	2885	4095	2827
3071	4095	3071	3135	4095	2827
3327	4095	3071	3386	4095	2827
3583	4095	3071	3638	4095	2827
3839	4095	3071	3891	4095	2826
4095	4095	3071	4095	4046	2793
0	0	3327	435	174	3096
255	0	3327	550	174	3096
511	0	3327	711	173	3096
767	0	3327	911	172	3096
1023	0	3327	1134	171	3095
1279	0	3327	1368	170	3095
1535	0	3327	1609	168	3095
1791	0	3327	1855	166	3095
2047	0	3327	2104	163	3095
2303	0	3327	2354	160	3095
2559	0	3327	2606	156	3094
2815	0	3327	2859	152	3094
3071	0	3327	3112	147	3094
3327	0	3327	3367	141	3094
3583	0	3327	3621	135	3093
3839	0	3327	3876	129	3093
4095	0	3327	4095	121	3065
0	255	3327	437	365	3095
255	255	3327	551	365	3095
511	255	3327	712	365	3095
767	255	3327	912	365	3095
1023	255	3327	1134	364	3095
1279	255	3327	1368	363	3095
1535	255	3327	1610	362	3095
1791	255	3327	1855	361	3095
2047	255	3327	2104	359	3095
2303	255	3327	2354	357	3095
2559	255	3327	2606	355	3094
2815	255	3327	2859	353	3094
3071	255	3327	3113	350	3094
3327	255	3327	3367	347	3093
3583	255	3327	3621	344	3093
3839	255	3327	3876	340	3093
4095	255	3327	4095	333	3065
0	511	3327	440	578	3095
255	511	3327	554	578	3095
511	511	3327	714	578	3095
767	511	3327	914	577	3095
1023	511	3327	1135	577	3095
1279	511	3327	1369	576	3095
1535	511	3327	1610	576	3095
1791	511	3327	1856	575	3095
2047	511	3327	2104	574	3095
2303	511	3327	2355	573	3094
2559	511	3327	2607	571	3094
2815	511	3327	2859	570	3094
3071	511	3327	3113	568	3094
3327	511	3327	3367	566	3093
3583	511	3327	3622	564	3093
3839	511	3327	3877	561	3093
4095	511	3327	4095	554	3065
0	767	3327	444	813	3095
255	767	3327	557	813	3095
511	767	3327	716	813	3095
767	767	3327	916	812	3095
1023	767	3327	1137	812	3095
1279	767	3327	1371	812	3095
1535	767	3327	1612	811	3095
1791	767	3327	1857	811	3095
2047	767	3327	2105	810	3094
2303	767	3327	2355	809	3094
2559	767	3327	2607	808	3094
2815	767	3327	2860	807	3094
3071	767	3327	3113	806	3093
3327	767	3327	3367	805	3093
3583	767	3327	3622	803	3093
3839	767	3327	3877	801	3092
4095	767	3327	4095	792	3064
0	1023	3327	451	1057	3095
255	1023	3327	563	1057	3095
511	1023	3327	721	1057	3095
767	1023	3327	919	1057	3095
1023	1023	3327	1140	1057	3094
1279	1023	3327	1373	1056	3094
1535	1023	3327	1613	1056	3094
1791	1023	3327	1858	1055	3094
2047	1023	3327	2106	1055	3094
2303	1023	3327	2357	1054	3094
2559	1023	3327	2608	1054	3093
2815	1023	3327	2861	1053	3093
3071	1023	3327	3114	1052	3093
3327	1023	3327	3368	1051	3093
3583	1023	3327	3623	1050	3092
3839	1023	3327	3877	1049	3092
4095	1023	3327	4095	1038	3063
0	1279	3327	460	1306	3094
255	1279	3327	570	1306	3094
511	1279	3327	726	1306	3094
767	1279	3327	923	1306	3094
1023	1279	3327	1143	1305	3094
1279	1279	3327	1375	1305	3094
1535	1279	3327	1615	1305	3094
1791	1279	3327	1860	1305	3094
2047	1279	3327	2108	1304	3093
2303	1279	3327	2358	1304	3093
2559	1279	3327	2609	1303	3093
2815	1279	3327	2862	1303	3093
3071	1279	3327	3115	1302	3092
3327	1279	3327	3369	1301	3092
3583	1279	3327	3623	1300	3092
3839	1279	3327	3878	1299	3091
4095	1279	3327	4095	1286	3062
0	1535	3327	471	1557	3093
255	1535	3327	579	1557	3093
511	1535	3327	733	1557	3093
767	1535	3327	928	1557	3093
1023	1535	3327	1147	1557	3093
1279	1535	3327	1379	1557	3093
1535	1535	3327	1618	1556	3093
1791	1535	3327	1862	1556	3093
2047	1535	3327	2110	1556	3093
2303	1535	3327	2360	1555	3092
2559	1535	3327	2611	1555	3092
2815	1535	3327	2863	1554	3092
3071	1535	3327	3116	1554	3092
3327	1535	3327	3370	1553	3091
3583	1535	3327	3624	1552	3091
3839	1535	3327	3879	1552	3091
4095	1535	3327	4095	1536	3061
0	1791	3327	484	1810	3092
255	1791	3327	589	1810	3092
511	1791	3327	741	1810	3092
767	1791	3327	935	1810	3092
1023	1791	3327	1152	1809	3092
1279	1791	3327	1383	1809	3092
1535	1791	3327	1622	1809	3092
1791	1791	3327	1865	1809	3092
2047	1791	3327	2112	1809	3092
2303	1791	3327	2362	1808	3092
2559	1791	3327	2613	1808	3091
2815	1791	3327	2865	1808	3091
3071	1791	3327	3118	1807	3091
3327	1791	3327	3371	1807	3090
3583	1791	3327	3626	1806	3090
3839	1791	3327	3880	1805	3090
4095	1791	3327	4095	1787	3059
0	2047	3327	499	2063	3091
255	2047	3327	602	2063	3091
511	2047	3327	751	2063	3091
767	2047	3327	943	2063	3091
1023	2047	3327	1158	2063	3091
1279	2047	3327	1388	2063	3091
1535	2047	3327	1626	2063	3091
1791	2047	3327	1869	2063	3091
2047	2047	3327	2115	2062	3091
2303	2047	3327	2364	2062	3090
2559	2047	3327	2615	2062	3090
2815	2047	3327	2867	2061	3090
3071	2047	3327	3119	2061	3090
3327	2047	3327	3373	2061	3089
3583	2047	3327	3627	2060	3089
3839	2047	3327	3881	2060	3089
4095	2047	3327	4095	2038	3057
0	2303	3327	516	2318	3090
255	2303	3327	616	2317	3090
511	2303	3327	763	2317	3090
767	2303	3327	952	2317	3090
1023	2303	3327	1165	2317	3090
1279	2303	3327	1393	2317	3090
1535	2303	3327	1630	2317	3090
1791	2303	3327	1873	2317	3090
2047	2303	3327	2119	2317	3089
2303	2303	3327	2367	2316	3089
2559	2303	3327	2617	2316	3089
2815	2303	3327	2869	2316	3089
3071	2303	3327	3122	2316	3088
3327	2303	3327	3375	2315	3088
3583	2303	3327	3629	2315	3088
3839	2303	3327	3883	2314	3087
4095	2303	3327	4095	2290	3055
0	2559	3327	535	2572	3089
255	2559	3327	632	2572	3089
511	2559	3327	776	2572	3089
767	2559	3327	962	2572	3089
1023	2559	3327	1173	2572	3089
1279	2559	3327	1400	2572	3088
1535	2559	3327	1636	2572	3088
1791	2559	3327	1877	2572	3088
2047	2559	3327	2123	2571	3088
2303	2559	3327	2371	2571	3088
2559	2559	3327	2620	2571	3088
2815	2559	3327	2872	2571	3087
3071	2559	3327	3124	2570	3087
3327	2559	3327	3377	2570	3087
3583	2559	3327	3631	2570	3086
3839	2559	3327	3885	2569	3086
4095	2559	3327	4095	2541	3052
0	2815	3327	556	2827	3087
255	2815	3327	650	2827	3087
511	2815	3327	790	2827	3087
767	2815	3327	973	2827	3087
1023	2815	3327	1182	2827	3087
1279	2815	3327	1407	2827	3087
1535	2815	3327	1642	2827	3087
1791	2815	3327	1882	2827	3087
2047	2815	3327	2127	2826	3086
2303	2815	3327	2374	2826	3086
2559	2815	3327	2624	2826	3086
2815	2815	3327	2875	2826	3086
3071	2815	3327	3127	2826	3085
3327	2815	3327	3379	2825	3085
3583	2815	3327	3633	2825	3085
3839	2815	3327	3887	2825	3084
4095	2815	3327	4095	2793	3049
0	3071	3327	579	3082	3085
255	3071	3327	670	3082	3085
511	3071	3327	806	3082	3085
767	3071	3327	986	3082	3085
1023	3071	3327	1192	3082	3085
1279	3071	3327	1415	3082	3085
1535	3071	3327	1649	3082	3085
1791	3071	3327	1888	3082	3085
2047	3071	3327	2132	3082	3085
2303	3071	3327	2379	3082	3084
2559	3071	3327	2628	3081	3084
2815	3071	3327	2878	3081	3084
3071	3071	3327	3130	3081	3084
3327	3071	3327	3382	3081	3083
3583	3071	3327	3635	3080	3083
3839	3071	3327	3889	3080	3082
4095	3071	3327	4095	3044	3046
0	3327	3327	603	3338	3083
255	3327	3327	691	3338	3083
511	3327	3327	823	3338	3083
767	3327	3327	1000	3338	3083
1023	3327	3327	1204	3338	3083
1279	3327	3327	1425	3337	3083
1535	3327	3327	1656	3337	3083
1791	3327	3327	1894	3337	3083
2047	3327	3327	2137	3337	3083
2303	3327	3327	2383	3337	3082
2559	3327	3327	2632	3337	3082
2815	3327	3327	2882	3337	3082
3071	3327	3327	3133	3336	3082
3327	3327	3327	3385	3336	3081
3583	3327	3327	3638	3336	3081
3839	3327	3327	3892	3336	3080
4095	3327	3327	4095	3295	3042
0	3583	3327	629	3593	3081
255	3583	3327	713	3593	3081
511	3583	3327	842	3593	3081
767	3583	3327	1015	3593	3081
1023	3583	3327	1216	3593	3081
1279	3583	3327	1435	3593	3081
1535	3583	3327	1664	3593	3081
1791	3583	3327	1902	3593	3080
2047	3583	3327	2143	3593	3080
2303	3583	3327	2389	3593	3080
2559	3583	3327	2636	3592	3080
2815	3583	3327	2886	3592	3080
3071	3583	3327	3137	3592	3079
3327	3583	3327	3388	3592	3079
3583	3583	3327	3641	3592	3079
3839	3583	3327	3894	3591	3078
4095	3583	3327	4095	3545	3038
0	3839	3327	656	3849	3078
255	3839	3327	737	3849	3078
511	3839	3327	862	3849	3078
767	3839	3327	1031	3849	3078
1023	3839	3327	1229	3849	3078
1279	3839	3327	1446	3849	3078
1535	3839	3327	1674	3848	3078
1791	3839	3327	1909	3848	3078
2047	3839	3327	2150	3848	3078
2303	3839	3327	2395	3848	3078
2559	3839	3327	2642	3848	3077
2815	3839	3327	2890	3848	3077
3071	3839	3327	3141	3848	3077
3327	3839	3327	3392	3847	3076
3583	3839	3327	3644	3847	3076
3839	3839	3327	3897	3847	3076
4095	3839	3327	4095	3795	3034
0	4095	3327	683	4095	3069
255	4095	3327	761	4095	3069
511	4095	3327	881	4095	3069
767	4095	3327	1046	4095	3069
1023	4095	3327	1241	4095	3069
1279	4095	3327	1454	4095	3069
1535	4095	3327	1680	4095	3069
1791	4095	3327	1913	4095	3068
2047	4095	3327	2153	4095	3068
2303	4095	3327	2396	4095	3068
2559	4095	3327	2641	4095	3068
2815	4095	3327	2889	4095	3068
3071	4095	3327	3139	4095	3068
3327	4095	3327	3389	4095	3068
3583	4095	3327	3641	4095	3067
3839	4095	3327	3893	4095	3067
4095	4095	3327	4095	4044	3029
0	0	3583	483	203	3335
255	0	3583	589	202	3335
511	0	3583	741	202	3335
767	0	3583	934	201	3335
1023	0	3583	1152	200	3335
1279	0	3583	1382	199	3335
1535	0	3583	1621	197	3335
1791	0	3583	1865	195	3334
2047	0	3583	2112	193	3334
2303	0	3583	2362	190	3334
2559	0	3583	2612	186	3334
2815	0	3583	2865	182	3334
3071	0	3583	3118	178	3333
3327	0	3583	3371	173	3333
3583	0	3583	3625	167	3333
3839	0	3583	3880	161	3332
4095	0	3583	4095	152	3300
0	255	3583	484	383	3335
255	255	3583	590	382	3335
511	255	3583	742	382	3335
767	255	3583	935	382	3335
1023	255	3583	1152	381	3335
1279	255	3583	1383	380	3335
1535	255	3583	1622	379	3334
1791	255	3583	1865	378	3334
2047	255	3583	2112	377	3334
2303	255	3583	2362	375	3334
2559	255	3583	2613	373	3334
2815	255	3583	2865	370	3334
3071	255	3583	3118	368	3333
3327	255	3583	3371	365	3333
3583	255	3583	3626	362	3333
3839	255	3583	3880	358	3332
4095	255	3583	4095	350	3300
0	511	3583	487	589	3335
255	511	3583	592	589	3335
511	511	3583	743	589	3335
767	511	3583	937	589	3335
1023	511	3583	1153	588	3335
1279	511	3583	1384	588	3334
1535	511	3583	1622	587	3334
1791	511	3583	1866	586	3334
2047	511	3583	2113	585	3334
2303	511	3583	2362	584	3334
2559	511	3583	2613	583	3334
2815	511	3583	2865	581	3333
3071	511	3583	3118	579	3333
3327	511	3583	3372	577	3333
3583	511	3583	3626	575	3333
3839	511	3583	3880	573	3332
4095	511	3583	4095	565	3299
0	767	3583	491	821	3334
255	767	3583	595	821	3334
511	767	3583	746	820	3334
767	767	3583	939	820	3334
1023	767	3583	1155	820	3334
1279	767	3583	1385	820	3334
1535	767	3583	1623	819	3334
1791	767	3583	1867	819	3334
2047	767	3583	2114	818	3334
2303	767	3583	2363	817	3334
2559	767	3583	2614	816	3333
2815	767	3583	2866	815	3333
3071	767	3583	3119	814	3333
3327	767	3583	3372	813	3333
3583	767	3583	3626	811	3332
3839	767	3583	3881	809	3332
4095	767	3583	4095	800	3299
0	1023	3583	497	1063	3334
255	1023	3583	601	1063	3334
511	1023	3583	750	1063	3334
767	1023	3583	942	1063	3334
1023	1023	3583	1157	1062	3334
1279	1023	3583	1387	1062	3334
1535	1023	3583	1625	1062	3334
1791	1023	3583	1868	1061	3334
2047	1023	3583	2115	1061	3333
2303	1023	3583	2364	1060	3333
2559	1023	3583	2615	1060	3333
2815	1023	3583	2866	1059	3333
3071	1023	3583	3119	1058	3332
3327	1023	3583	3373	1057	3332
3583	1023	3583	3627	1056	3332
3839	1023	3583	3881	1055	3332
4095	1023	3583	4095	1043	3298
0	1279	3583	505	1310	3333
255	1279	3583	607	1310	3333
511	1279	3583	755	1310	3333
767	1279	3583	946	1310	3333
1023	1279	3583	1161	1310	3333
1279	1279	3583	1390	1310	3333
1535	1279	3583	1627	1310	3333
1791	1279	3583	1870	1309	3333
2047	1279	3583	2116	1309	3333
2303	1279	3583	2365	1308	3333
2559	1279	3583	2616	1308	3332
2815	1279	3583	2868	1307	3332
3071	1279	3583	3120	1306	3332
3327	1279	3583	3374	1306	3332
3583	1279	3583	3628	1305	3331
3839	1279	3583	3882	1304	3331
4095	1279	3583	4095	1290	3297
0	1535	3583	515	1561	3333
255	1535	3583	615	1561	3333
511	1535	3583	762	1561	3333
767	1535	3583	951	1561	3333
1023	1535	3583	1165	1560	3333
1279	1535	3583	1393	1560	3333
1535	1535	3583	1630	1560	3333
1791	1535	3583	1872	1560	3332
2047	1535	3583	2118	1559	3332
2303	1535	3583	2367	1559	3332
2559	1535	3583	2617	1559	3332
2815	1535	3583	2869	1558	3332
3071	1535	3583	3121	1558	3331
3327	1535	3583	3375	1557	3331
3583	1535	3583	3629	1556	3331
3839	1535	3583	3883	1555	3330
4095	1535	3583	4095	1539	3296
0	1791	3583	527	1813	3332
255	1791	3583	626	1813	3332
511	1791	3583	770	1813	3332
767	1791	3583	957	1813	3332
1023	1791	3583	1170	1813	3332
1279	1791	3583	1397	1812	3332
1535	1791	3583	1633	1812	3332
1791	1791	3583	1875	1812	3332
2047	1791	3583	2121	1812	3331
2303	1791	3583	2369	1811	3331
2559	1791	3583	2619	1811	3331
2815	1791	3583	2870	1811	3331
3071	1791	3583	3123	1810	3331
3327	1791	3583	3376	1810	3330
3583	1791	3583	3630	1809	3330
3839	1791	3583	3884	1808	3330
4095	1791	3583	4095	1789	3294
0	2047	3583	541	2066	3331
255	2047	3583	637	2066	3331
511	2047	3583	780	2066	3331
767	2047	3583	965	2066	3331
1023	2047	3583	1176	2066	3331
1279	2047	3583	1402	2066	3331
1535	2047	3583	1637	2065	3331
1791	2047	3583	1879	2065	3331
2047	2047	3583	2124	2065	3330
2303	2047	3583	2372	2065	3330
2559	2047	3583	2621	2064	3330
2815	2047	3583	2872	2064	3330
3071	2047	3583	3125	2064	3330
3327	2047	3583	3378	2063	3329
3583	2047	3583	3631	2063	3329
3839	2047	3583	3885	2062	3329
4095	2047	3583	4095	2039	3292
0	2303	3583	557	2320	3330
255	2303	3583	651	2320	3330
511	2303	3583	791	2320	3330
767	2303	3583	974	2320	3330
1023	2303	3583	1183	2320	3330
1279	2303	3583	1408	2319	3330
1535	2303	3583	1642	2319	3330
1791	2303	3583	1882	2319	3329
2047	2303	3583	2127	2319	3329
2303	2303	3583	2374	2319	3329
2559	2303	3583	2624	2318	3329
2815	2303	3583	2875	2318	3329
3071	2303	3583	3127	2318	3328
3327	2303	3583	3379	2317	3328
3583	2303	3583	3633	2317	3328
3839	2303	3583	3887	2317	3327
4095	2303	3583	4095	2290	3290
0	2559	3583	575	2574	3329
255	2559	3583	666	2574	3329
511	2559	3583	803	2574	3329
767	2559	3583	983	2574	3329
1023	2559	3583	1191	2574	3329
1279	2559	3583	1414	2574	3328
1535	2559	3583	1647	2574	3328
1791	2559	3583	1887	2574	3328
2047	2559	3583	2131	2573	3328
2303	2559	3583	2378	2573	3328
2559	2559	3583	2627	2573	3328
2815	2559	3583	2877	2573	3327
3071	2559	3583	3129	2572	3327
3327	2559	3583	3382	2572	3327
3583	2559	3583	3635	2572	3327
3839	2559	3583	3889	2571	3326
4095	2559	3583	4095	2541	3287
0	2815	3583	594	2829	3327
255	2815	3583	683	2829	3327
511	2815	3583	817	2829	3327
767	2815	3583	995	2829	3327
1023	2815	3583	1200	2829	3327
1279	2815	3583	1421	2829	3327
1535	2815	3583	1653	2829	3327
1791	2815	3583	1892	2828	3327
2047	2815	3583	2135	2828	3327
2303	2815	3583	2382	2828	3326
2559	2815	3583	2630	2828	3326
2815	2815	3583	2880	2828	3326
3071	2815	3583	3132	2827	3326
3327	2815	3583	3384	2827	3325
3583	2815	3583	3637	2827	3325
3839	2815	3583	3891	2826	3325
4095	2815	3583	4095	2792	3284
0	3071	3583	616	3084	3326
255	3071	3583	702	3084	3326
511	3071	3583	832	3084	3326
767	3071	3583	1007	3084	3325
1023	3071	3583	1209	3084	3325
1279	3071	3583	1429	3084	3325
1535	3071	3583	1660	3084	3325
1791	3071	3583	1898	3083	3325
2047	3071	3583	2140	3083	3325
2303	3071	3583	2386	3083	3325
2559	3071	3583	2634	3083	3325
2815	3071	3583	2884	3083	3324
3071	3071	3583	3135	3082	3324
3327	3071	3583	3387	3082	3324
3583	3071	3583	3640	3082	3323
3839	3071	3583	3893	3082	3323
4095	3071	3583	4095	3043	3281
0	3327	3583	639	3339	3324
255	3327	3583	722	3339	3324
511	3327	3583	849	3339	3324
767	3327	3583	1020	3339	3324
1023	3327	3583	1220	3339	3324
1279	3327	3583	1438	3339	3323
1535	3327	3583	1668	3339	3323
1791	3327	3583	1904	3339	3323
2047	3327	3583	2146	3339	3323
2303	3327	3583	2391	3338	3323
2559	3327	3583	2638	3338	3323
2815	3327	3583	2887	3338	3322
3071	3327	3583	3138	3338	3322
3327	3327	3583	3390	3338	3322
3583	3327	3583	3642	3337	3322
3839	3327	3583	3895	3337	3321
4095	3327	3583	4095	3293	3277
0	3583	3583	663	3594	3322
255	3583	3583	743	3594	3322
511	3583	3583	867	3594	3322
767	3583	3583	1035	3594	3322
1023	3583	3583	1232	3594	3321
1279	3583	3583	1448	3594	3321
1535	3583	3583	1676	3594	3321
1791	3583	3583	1911	3594	3321
2047	3583	3583	2152	3594	3321
2303	3583	3583	2396	3594	3321
2559	3583	3583	2643	3594	3321
2815	3583	3583	2892	3593	3320
3071	3583	3583	3142	3593	3320
3327	3583	3583	3393	3593	3320
3583	3583	3583	3645	3593	3319
3839	3583	3583	3898	3593	3319
4095	3583	3583	4095	3543	3273
0	3839	3583	689	3850	3319
255	3839	3583	766	3850	3319
511	3839	3583	887	3850	3319
767	3839	3583	1051	3850	3319
1023	3839	3583	1246	3850	3319
1279	3839	3583	1459	3850	3319
1535	3839	3583	1685	3850	3319
1791	3839	3583	1919	3850	3319
2047	3839	3583	2158	3849	3319
2303	3839	3583	2402	3849	3319
2559	3839	3583	2648	3849	3318
2815	3839	3583	2896	3849	3318
3071	3839	3583	3146	3849	3318
3327	3839	3583	3397	3849	3318
3583	3839	3583	3649	3848	3317
3839	3839	3583	3901	3848	3317
4095	3839	3583	4095	3793	3269
0	4095	3583	714	4095	3308
255	4095	3583	788	4095	3308
511	4095	3583	905	4095	3308
767	4095	3583	1066	4095	3308
1023	4095	3583	1256	4095	3308
1279	4095	3583	1467	4095	3308
1535	4095	3583	1690	4095	3308
1791	4095	3583	1922	4095	3308
2047	4095	3583	2160	4095	3308
2303	4095	3583	2402	4095	3308
2559	4095	3583	2647	4095	3308
2815	4095	3583	2894	4095	3308
3071	4095	3583	3143	4095	3308
3327	4095	3583	3393	4095	3308
3583	4095	3583	3644	4095	3307
3839	4095	3583	3896	4095	3307
4095	4095	3583	4095	4042	3264
0	0	3839	530	231	3574
255	0	3839	628	231	3574
511	0	3839	772	231	3574
767	0	3839	959	230	3574
1023	0	3839	1171	229	3574
1279	0	3839	1398	228	3574
1535	0	3839	1634	227	3574
1791	0	3839	1876	225	3574
2047	0	3839	2121	222	3574
2303	0	3839	2370	220	3574
2559	0	3839	2620	217	3573
2815	0	3839	2871	213	3573
3071	0	3839	3123	209	3573
3327	0	3839	3376	204	3573
3583	0	3839	3630	199	3572
3839	0	3839	3884	193	3572
4095	0	3839	4095	185	3534
0	255	3839	531	401	3574
255	255	3839	629	400	3574
511	255	3839	773	400	3574
767	255	3839	960	400	3574
1023	255	3839	1172	399	3574
1279	255	3839	1399	398	3574
1535	255	3839	1635	397	3574
1791	255	3839	1876	396	3574
2047	255	3839	2122	395	3574
2303	255	3839	2370	393	3573
2559	255	3839	2620	391	3573
2815	255	3839	2871	389	3573
3071	255	3839	3123	386	3573
3327	255	3839	3377	384	3573
3583	255	3839	3630	380	3572
3839	255	3839	3884	377	3572
4095	255	3839	4095	369	3534
0	511	3839	534	601	3574
255	511	3839	631	601	3574
511	511	3839	775	601	3574
767	511	3839	961	601	3574
1023	511	3839	1173	600	3574
1279	511	3839	1399	600	3574
1535	511	3839	1635	599	3574
1791	511	3839	1877	598	3574
2047	511	3839	2122	597	3573
2303	511	3839	2370	596	3573
2559	511	3839	2620	595	3573
2815	511	3839	2871	593	3573
3071	511	3839	3124	592	3573
3327	511	3839	3377	590	3572
3583	511	3839	3631	588	3572
3839	511	3839	3885	585	3572
4095	511	3839	4095	577	3533
0	767	3839	538	829	3574
255	767	3839	635	829	3574
511	767	3839	778	829	3574
767	767	3839	963	829	3574
1023	767	3839	1174	829	3574
1279	767	3839	1401	828	3574
1535	767	3839	1636	828	3573
1791	767	3839	1878	827	3573
2047	767	3839	2123	826	3573
2303	767	3839	2371	826	3573
2559	767	3839	2621	825	3573
2815	767	3839	2872	824	3573
3071	767	3839	3124	822	3572
3327	767	3839	3377	821	3572
3583	767	3839	3631	820	3572
3839	767	3839	3885	818	3571
4095	767	3839	4095	808	3533
0	1023	3839	543	1069	3573
255	1023	3839	639	1069	3573
511	1023	3839	781	1069	3573
767	1023	3839	966	1069	3573
1023	1023	3839	1177	1069	3573
1279	1023	3839	1403	1069	3573
1535	1023	3839	1638	1068	3573
1791	1023	3839	1879	1068	3573
2047	1023	3839	2124	1067	3573
2303	1023	3839	2372	1067	3573
2559	1023	3839	2622	1066	3572
2815	1023	3839	2873	1065	3572
3071	1023	3839	3125	1064	3572
3327	1023	3839	3378	1063	3572
3583	1023	3839	3631	1062	3571
3839	1023	3839	3886	1061	3571
4095	1023	3839	4095	1048	3532
0	1279	3839	551	1315	3573
255	1279	3839	646	1315	3573
511	1279	3839	786	1315	3573
767	1279	3839	970	1315	3573
1023	1279	3839	1180	1315	3573
1279	1279	3839	1405	1315	3573
1535	1279	3839	1640	1315	3573
1791	1279	3839	1881	1314	3573
2047	1279	3839	2126	1314	3572
2303	1279	3839	2373	1313	3572
2559	1279	3839	2623	1313	3572
2815	1279	3839	2874	1312	3572
3071	1279	3839	3126	1311	3572
3327	1279	3839	3379	1311	3571
3583	1279	3839	3632	1310	3571
3839	1279	3839	3886	1309	3571
4095	1279	3839	4095	1293	3531
0	1535	3839	560	1565	3572
255	1535	3839	653	1565	3572
511	1535	3839	793	1565	3572
767	1535	3839	975	1565	3572
1023	1535	3839	1184	1565	3572
1279	1535	3839	1409	1564	3572
1535	1535	3839	1643	1564	3572
1791	1535	3839	1883	1564	3572
2047	1535	3839	2128	1564	3572
2303	1535	3839	2375	1563	3572
2559	1535	3839	2624	1563	3571
2815	1535	3839	2875	1562	3571
3071	1535	3839	3127	1562	3571
3327	1535	3839	3380	1561	3571
3583	1535	3839	3633	1560	3570
3839	1535	3839	3887	1560	3570
4095	1535	3839	4095	1541	3530
0	1791	3839	571	1816	3572
255	1791	3839	663	1816	3572
511	1791	3839	800	1816	3572
767	1791	3839	981	1816	3572
1023	1791	3839	1189	1816	3571
1279	1791	3839	1413	1816	3571
1535	1791	3839	1646	1816	3571
1791	1791	3839	1886	1815	3571
2047	1791	3839	2130	1815	3571
2303	1791	3839	2377	1815	3571
2559	1791	3839	2626	1814	3571
2815	1791	3839	2877	1814	3570
3071	1791	3839	3129	1814	3570
3327	1791	3839	3381	1813	3570
3583	1791	3839	3634	1812	3570
3839	1791	3839	3888	1812	3569
4095	1791	3839	4095	1790	3528
0	2047	3839	584	2069	3571
255	2047	3839	674	2069	3571
511	2047	3839	810	2069	3571
767	2047	3839	989	2069	3571
1023	2047	3839	1195	2069	3571
1279	2047	3839	1417	2068	3571
1535	2047	3839	1650	2068	3570
1791	2047	3839	1889	2068	3570
2047	2047	3839	2133	2068	3570
2303	2047	3839	2380	2068	3570
2559	2047	3839	2628	2067	3570
2815	2047	3839	2879	2067	3570
3071	2047	3839	3130	2067	3569
3327	2047	3839	3383	2066	3569
3583	2047	3839	3636	2066	3569
3839	2047	3839	3890	2065	3568
4095	2047	3839	4095	2040	3526
0	2303	3839	599	2322	3570
255	2303	3839	687	2322	3570
511	2303	3839	820	2322	3570
767	2303	3839	997	2322	3570
1023	2303	3839	1202	2322	3570
1279	2303	3839	1423	2322	3570
1535	2303	3839	1655	2322	3569
1791	2303	3839	1893	2322	3569
2047	2303	3839	2136	2321	3569
2303	2303	3839	2383	2321	3569
2559	2303	3839	2631	2321	3569
2815	2303	3839	2881	2321	3569
3071	2303	3839	3132	2320	3568
3327	2303	3839	3385	2320	3568
3583	2303	3839	3638	2320	3568
3839	2303	3839	3891	2319	3567
4095	2303	3839	4095	2290	3524
0	2559	3839	615	2576	3569
255	2559	3839	701	2576	3569
511	2559	3839	832	2576	3569
767	2559	3839	1007	2576	3568
1023	2559	3839	1209	2576	3568
1279	2559	3839	1429	2576	3568
1535	2559	3839	1660	2576	3568
1791	2559	3839	1898	2576	3568
2047	2559	3839	2140	2576	3568
2303	2559	3839	2386	2575	3568
2559	2559	3839	2634	2575	3568
2815	2559	3839	2884	2575	3567
3071	2559	3839	3135	2575	3567
3327	2559	3839	3387	2574	3567
3583	2559	3839	3639	2574	3567
3839	2559	3839	3893	2573	3566
4095	2559	3839	4095	2541	3521
0	2815	3839	634	2831	3567
255	2815	3839	717	2831	3567
511	2815	3839	845	2831	3567
767	2815	3839	1018	2831	3567
1023	2815	3839	1218	2831	3567
1279	2815	3839	1436	2831	3567
1535	2815	3839	1666	2830	3567
1791	2815	3839	1903	2830	3567
2047	2815	3839	2145	2830	3567
2303	2815	3839	2390	2830	3566
2559	2815	3839	2637	2830	3566
2815	2815	3839	2887	2830	3566
3071	2815	3839	3137	2829	3566
3327	2815	3839	3389	2829	3566
3583	2815	3839	3642	2829	3565
3839	2815	3839	3895	2828	3565
4095	2815	3839	4095	2791	3518
0	3071	3839	654	3086	3566
255	3071	3839	735	3086	3566
511	3071	3839	860	3086	3566
767	3071	3839	1030	3085	3566
1023	3071	3839	1228	3085	3566
1279	3071	3839	1444	3085	3565
1535	3071	3839	1673	3085	3565
1791	3071	3839	1909	3085	3565
2047	3071	3839	2149	3085	3565
2303	3071	3839	2394	3085	3565
2559	3071	3839	2641	3085	3565
2815	3071	3839	2890	3084	3565
3071	3071	3839	3140	3084	3564
3327	3071	3839	3392	3084	3564
3583	3071	3839	3644	3084	3564
3839	3071	3839	3897	3083	3563
4095	3071	3839	4095	3042	3515
0	3327	3839	675	3341	3564
255	3327	3839	754	3341	3564
511	3327	3839	876	3341	3564
767	3327	3839	1043	3341	3564
1023	3327	3839	1239	3340	3564
1279	3327	3839	1453	3340	3564
1535	3327	3839	1680	3340	3564
1791	3327	3839	1915	3340	3564
2047	3327	3839	2155	3340	3563
2303	3327	3839	2399	3340	3563
2559	3327	3839	2645	3340	3563
2815	3327	3839	2894	3340	3563
3071	3327	3839	3144	3339	3563
3327	3327	3839	3395	3339	3562
3583	3327	3839	3647	3339	3562
3839	3327	3839	3900	3339	3562
4095	3327	3839	4095	3292	3512
0	3583	3839	698	3596	3562
255	3583	3839	775	3596	3562
511	3583	3839	894	3596	3562
767	3583	3839	1057	3596	3562
1023	3583	3839	1250	3596	3562
1279	3583	3839	1463	3596	3562
1535	3583	3839	1688	3596	3562
1791	3583	3839	1922	3595	3562
2047	3583	3839	2161	3595	3562
2303	3583	3839	2404	3595	3561
2559	3583	3839	2650	3595	3561
2815	3583	3839	2898	3595	3561
3071	3583	3839	3147	3595	3561
3327	3583	3839	3398	3594	3560
3583	3583	3839	3650	3594	3560
3839	3583	3839	3902	3594	3560
4095	3583	3839	4095	3541	3508
0	3839	3839	723	3851	3560
255	3839	3839	796	3851	3560
511	3839	3839	913	3851	3560
767	3839	3839	1073	3851	3560
1023	3839	3839	1263	3851	3560
1279	3839	3839	1474	3851	3560
1535	3839	3839	1697	3851	3560
1791	3839	3839	1929	3851	3560
2047	3839	3839	2167	3851	3560
2303	3839	3839	2410	3851	3559
2559	3839	3839	2655	3850	3559
2815	3839	3839	2902	3850	3559
3071	3839	3839	3151	3850	3559
3327	3839	3839	3402	3850	3558
3583	3839	3839	3653	3850	3558
3839	3839	3839	3906	3849	3558
4095	3839	3839	4095	3791	3503
0	4095	3839	746	4095	3548
255	4095	3839	817	4095	3548
511	4095	3839	930	4095	3548
767	4095	3839	1086	4095	3548
1023	4095	3839	1274	4095	3548
1279	4095	3839	1481	4095	3548
1535	4095	3839	1702	4095	3548
1791	4095	3839	1932	4095	3548
2047	4095	3839	2169	4095	3548
2303	4095	3839	2409	4095	3547
2559	4095	3839	2653	4095	3547
2815	4095	3839	2900	4095	3547
3071	4095	3839	3148	4095	3547
3327	4095	3839	3397	4095	3547
3583	4095	3839	3648	4095	3547
3839	4095	3839	3899	4095	3547
4095	4095	3839	4095	4039	3498
0	0	4095	578	260	3814
255	0	4095	669	260	3814
511	0	4095	805	260	3814
767	0	4095	985	259	3814
1023	0	4095	1192	258	3813
1279	0	4095	1415	257	3813
1535	0	4095	1648	256	3813
1791	0	4095	1888	254	3813
2047	0	4095	2132	252	3813
2303	0	4095	2378	249	3813
2559	0	4095	2627	247	3813
2815	0	4095	2878	243	3813
3071	0	4095	3129	240	3812
3327	0	4095	3382	236	3812
3583	0	4095	3635	231	3812
3839	0	4095	3889	226	3811
4095	0	4095	4095	217	3767
0	255	4095	579	419	3813
255	255	4095	670	419	3813
511	255	4095	806	419	3813
767	255	4095	986	419	3813
1023	255	4095	1193	418	3813
1279	255	4095	1416	417	3813
1535	255	4095	1649	417	3813
1791	255	4095	1888	415	3813
2047	255	4095	2132	414	3813
2303	255	4095	2379	412	3813
2559	255	4095	2628	411	3813
2815	255	4095	2878	408	3812
3071	255	4095	3130	406	3812
3327	255	4095	3382	403	3812
3583	255	4095	3635	400	3812
3839	255	4095	3889	397	3811
4095	255	4095	4095	389	3767
0	511	4095	581	614	3813
255	511	4095	672	614	3813
511	511	4095	808	614	3813
767	511	4095	987	614	3813
1023	511	4095	1194	613	3813
1279	511	4095	1416	613	3813
1535	511	4095	1649	612	3813
1791	511	4095	1889	611	3813
2047	511	4095	2132	610	3813
2303	511	4095	2379	609	3813
2559	511	4095	2628	608	3813
2815	511	4095	2878	607	3812
3071	511	4095	3130	605	3812
3327	511	4095	3382	603	3812
3583	511	4095	3636	601	3812
3839	511	4095	3889	599	3811
4095	511	4095	4095	589	3766
0	767	4095	585	838	3813
255	767	4095	675	838	3813
511	767	4095	810	838	3813
767	767	4095	989	838	3813
1023	767	4095	1195	838	3813
1279	767	4095	1418	837	3813
1535	767	4095	1650	837	3813
1791	767	4095	1890	836	3813
2047	767	4095	2133	836	3813
2303	767	4095	2380	835	3812
2559	767	4095	2629	834	3812
2815	767	4095	2879	833	3812
3071	767	4095	3130	832	3812
3327	767	4095	3383	831	3812
3583	767	4095	3636	829	3811
3839	767	4095	3890	827	3811
4095	767	4095	4095	816	3766
0	1023	4095	590	1076	3813
255	1023	4095	679	1076	3813
511	1023	4095	814	1076	3813
767	1023	4095	992	1076	3813
1023	1023	4095	1198	1076	3813
1279	1023	4095	1420	1076	3813
1535	1023	4095	1652	1075	3813
1791	1023	4095	1891	1075	3812
2047	1023	4095	2134	1074	3812
2303	1023	4095	2381	1074	3812
2559	1023	4095	2629	1073	3812
2815	1023	4095	2880	1072	3812
3071	1023	4095	3131	1071	3812
3327	1023	4095	3383	1070	3811
3583	1023	4095	3637	1069	3811
3839	1023	4095	3890	1068	3811
4095	1023	4095	4095	1054	3765
0	1279	4095	597	1321	3812
255	1279	4095	685	1321	3812
511	1279	4095	819	1321	3812
767	1279	4095	996	1321	3812
1023	1279	4095	1201	1321	3812
1279	1279	4095	1422	1320	3812
1535	1279	4095	1654	1320	3812
1791	1279	4095	1893	1320	3812
2047	1279	4095	2136	1319	3812
2303	1279	4095	2382	1319	3812
2559	1279	4095	2631	1318	3812
2815	1279	4095	2881	1318	3811
3071	1279	4095	3132	1317	3811
3327	1279	4095	3384	1316	3811
3583	1279	4095	3637	1315	3811
3839	1279	4095	3891	1314	3810
4095	1279	4095	4095	1298	3764
0	1535	4095	605	1569	3812
255	1535	4095	692	1569	3812
511	1535	4095	825	1569	3812
767	1535	4095	1001	1569	3812
1023	1535	4095	1205	1569	3812
1279	1535	4095	1425	1569	3812
1535	1535	4095	1657	1569	3812
1791	1535	4095	1895	1568	3811
2047	1535	4095	2138	1568	3811
2303	1535	4095	2384	1568	3811
2559	1535	4095	2632	1567	3811
2815	1535	4095	2882	1567	3811
3071	1535	4095	3133	1566	3811
3327	1535	4095	3385	1565	3810
3583	1535	4095	3638	1565	3810
3839	1535	4095	3892	1564	3810
4095	1535	4095	4095	1544	3763
0	1791	4095	615	1820	3811
255	1791	4095	701	1820	3811
511	1791	4095	832	1820	3811
767	1791	4095	1007	1820	3811
1023	1791	4095	1209	1820	3811
1279	1791	4095	1429	1819	3811
1535	1791	4095	1660	1819	3811
1791	1791	4095	1898	1819	3811
2047	1791	4095	2140	1819	3811
2303	1791	4095	2386	1818	3810
2559	1791	4095	2634	1818	3810
2815	1791	4095	2884	1818	3810
3071	1791	4095	3135	1817	3810
3327	1791	4095	3387	1817	3810
3583	1791	4095	3640	1816	3809
3839	1791	4095	3893	1815	3809
4095	1791	4095	4095	1792	3761
0	2047	4095	627	2072	3810
255	2047	4095	712	2072	3810
511	2047	4095	841	2072	3810
767	2047	4095	1014	2072	3810
1023	2047	4095	1215	2072	3810
1279	2047	4095	1434	2072	3810
1535	2047	4095	1664	2071	3810
1791	2047	4095	1901	2071	3810
2047	2047	4095	2143	2071	3810
2303	2047	4095	2388	2071	3810
2559	2047	4095	2636	2070	3810
2815	2047	4095	2886	2070	3809
3071	2047	4095	3136	2070	3809
3327	2047	4095	3388	2069	3809
3583	2047	4095	3641	2069	3809
3839	2047	4095	3894	2068	3808
4095	2047	4095	4095	2041	3759
0	2303	4095	641	2325	3809
255	2303	4095	724	2325	3809
511	2303	4095	851	2325	3809
767	2303	4095	1022	2325	3809
1023	2303	4095	1222	2325	3809
1279	2303	4095	1439	2325	3809
1535	2303	4095	1669	2325	3809
1791	2303	4095	1905	2324	3809
2047	2303	4095	2146	2324	3809
2303	2303	4095	2391	2324	3809
2559	2303	4095	2639	2324	3809
2815	2303	4095	2888	2323	3808
3071	2303	4095	3138	2323	3808
3327	2303	4095	3390	2323	3808
3583	2303	4095	3643	2322	3808
3839	2303	4095	3896	2322	3807
4095	2303	4095	4095	2291	3757
0	2559	4095	657	2579	3808
255	2559	4095	738	2579	3808
511	2559	4095	862	2579	3808
767	2559	4095	1031	2579	3808
1023	2559	4095	1229	2579	3808
1279	2559	4095	1446	2578	3808
1535	2559	4095	1674	2578	3808
1791	2559	4095	1909	2578	3808
2047	2559	4095	2150	2578	3808
2303	2559	4095	2395	2578	3808
2559	2559	4095	2642	2578	3807
2815	2559	4095	2890	2577	3807
3071	2559	4095	3141	2577	3807
3327	2559	4095	3392	2577	3807
3583	2559	4095	3645	2576	3807
3839	2559	4095	3898	2576	3806
4095	2559	4095	4095	2541	3755
0	2815	4095	674	2833	3807
255	2815	4095	753	2833	3807
511	2815	4095	875	2833	3807
767	2815	4095	1042	2833	3807
1023	2815	4095	1238	2833	3807
1279	2815	4095	1453	2833	3807
1535	2815	4095	1680	2833	3807
1791	2815	4095	1914	2832	3807
2047	2815	4095	2155	2832	3807
2303	2815	4095	2398	2832	3806
2559	2815	4095	2645	2832	3806
2815	2815	4095	2893	2832	3806
3071	2815	4095	3143	2831	3806
3327	2815	4095	3395	2831	3806
3583	2815	4095	3647	2831	3805
3839	2815	4095	3900	2830	3805
4095	2815	4095	4095	2791	3752
0	3071	4095	693	3087	3806
255	3071	4095	770	3087	3806
511	3071	4095	890	3087	3806
767	3071	4095	1054	3087	3806
1023	3071	4095	1248	3087	3806
1279	3071	4095	1461	3087	3806
1535	3071	4095	1686	3087	3805
1791	3071	4095	1920	3087	3805
2047	3071	4095	2159	3087	3805
2303	3071	4095	2403	3087	3805
2559	3071	4095	2649	3087	3805
2815	3071	4095	2897	3086	3805
3071	3071	4095	3146	3086	3804
3327	3071	4095	3397	3086	3804
3583	3071	4095	3649	3086	3804
3839	3071	4095	3902	3085	3804
4095	3071	4095	4095	3040	3748
0	3327	4095	713	3342	3804
255	3327	4095	788	3342	3804
511	3327	4095	905	3342	3804
767	3327	4095	1067	3342	3804
1023	3327	4095	1258	3342	3804
1279	3327	4095	1470	3342	3804
1535	3327	4095	1694	3342	3804
1791	3327	4095	1926	3342	3804
2047	3327	4095	2165	3342	3804
2303	3327	4095	2407	3342	3803
2559	3327	4095	2653	3341	3803
2815	3327	4095	2901	3341	3803
3071	3327	4095	3150	3341	3803
3327	3327	4095	3400	3341	3803
3583	3327	4095	3652	3341	3802
3839	3327	4095	3904	3340	3802
4095	3327	4095	4095	3290	3745
0	3583	4095	735	3597	3802
255	3583	4095	807	3597	3802
511	3583	4095	922	3597	3802
767	3583	4095	1081	3597	3802
1023	3583	4095	1270	3597	3802
1279	3583	4095	1479	3597	3802
1535	3583	4095	1702	3597	3802
1791	3583	4095	1933	3597	3802
2047	3583	4095	2171	3597	3802
2303	3583	4095	2413	3597	3802
2559	3583	4095	2657	3597	3802
2815	3583	4095	2905	3596	3801
3071	3583	4095	3154	3596	3801
3327	3583	4095	3404	3596	3801
3583	3583	4095	3655	3596	3801
3839	3583	4095	3907	3596	3800
4095	3583	4095	4095	3539	3741
0	3839	4095	758	3853	3801
255	3839	4095	828	3853	3801
511	3839	4095	940	3853	3801
767	3839	4095	1096	3853	3800
1023	3839	4095	1282	3852	3800
1279	3839	4095	1490	3852	3800
1535	3839	4095	1711	3852	3800
1791	3839	4095	1941	3852	3800
2047	3839	4095	2177	3852	3800
2303	3839	4095	2418	3852	3800
2559	3839	4095	2663	3852	3800
2815	3839	4095	2909	3852	3800
3071	3839	4095	3158	3852	3799
3327	3839	4095	3407	3851	3799
3583	3839	4095	3658	3851	3799
3839	3839	4095	3910	3851	3798
4095	3839	4095	4095	3788	3736
0	4095	4095	780	4095	3787
255	4095	4095	848	4095	3787
511	4095	4095	957	4095	3787
767	4095	4095	1109	4095	3787
1023	4095	4095	1292	4095	3787
1279	4095	4095	1496	4095	3786
1535	4095	4095	1715	4095	3786
1791	4095	4095	1943	4095	3786
2047	4095	4095	2178	4095	3786
2303	4095	4095	2417	4095	3786
2559	4095	4095	2660	4095	3786
2815	4095	4095	2905	4095	3786
3071	4095	4095	3153	4095	3786
3327	4095	4095	3402	4095	3786
3583	4095	4095	3652	4095	3786
3839	4095	4095	3903	4095	3786
4095	4095	4095	4095	4036	3732
