0	0	0	0	0	0
255	0	0	219	9	4
511	0	0	456	25	10
767	0	0	693	50	21
1023	0	0	930	87	36
1279	0	0	1167	137	56
1535	0	0	1404	197	81
1791	0	0	1641	259	113
2047	0	0	1878	320	150
2303	0	0	2115	381	192
2559	0	0	2352	443	235
2815	0	0	2589	504	277
3071	0	0	2826	566	319
3327	0	0	3063	627	361
3583	0	0	3300	689	404
3839	0	0	3537	750	446
4095	0	0	3774	811	488
0	255	0	52	249	15
255	255	0	260	255	18
511	255	0	479	267	25
767	255	0	709	285	35
1023	255	0	941	309	50
1279	255	0	1176	339	70
1535	255	0	1411	374	96
1791	255	0	1647	414	127
2047	255	0	1883	457	165
2303	255	0	2119	504	205
2559	255	0	2356	552	246
2815	255	0	2592	603	287
3071	255	0	2829	655	328
3327	255	0	3066	709	369
3583	255	0	3302	763	411
3839	255	0	3539	819	453
4095	255	0	3776	875	494
0	511	0	146	501	41
255	511	0	322	505	45
511	511	0	518	511	51
767	511	0	735	522	61
1023	511	0	961	536	77
1279	511	0	1191	555	97
1535	511	0	1424	578	122
1791	511	0	1657	605	154
2047	511	0	1892	636	190
2303	511	0	2127	670	227
2559	511	0	2362	707	265
2815	511	0	2598	747	304
3071	511	0	2834	789	344
3327	511	0	3070	833	384
3583	511	0	3307	880	424
3839	511	0	3543	927	464
4095	511	0	3780	977	505
0	767	0	275	754	84
255	767	0	407	756	87
511	767	0	576	761	94
767	767	0	777	768	104
1023	767	0	992	777	119
1279	767	0	1216	790	140
1535	767	0	1443	806	165
1791	767	0	1674	825	194
2047	767	0	1906	848	226
2303	767	0	2139	873	260
2559	767	0	2373	901	295
2815	767	0	2608	932	331
3071	767	0	2843	966	368
3327	767	0	3078	1001	406
3583	767	0	3314	1039	444
3839	767	0	3549	1079	483
4095	767	0	3785	1121	523
0	1023	0	403	1007	145
255	1023	0	506	1008	149
511	1023	0	650	1012	155
767	1023	0	832	1017	166
1023	1023	0	1035	1024	180
1279	1023	0	1250	1033	198
1535	1023	0	1471	1045	220
1791	1023	0	1697	1060	245
2047	1023	0	1926	1076	272
2303	1023	0	2156	1096	302
2559	1023	0	2388	1118	333
2815	1023	0	2621	1142	366
3071	1023	0	2855	1169	400
3327	1023	0	3089	1198	436
3583	1023	0	3323	1229	472
3839	1023	0	3558	1262	509
4095	1023	0	3794	1297	546
0	1279	0	532	1259	221
255	1279	0	614	1261	224
511	1279	0	737	1263	229
767	1279	0	901	1267	237
1023	1279	0	1089	1273	249
1279	1279	0	1294	1280	263
1535	1279	0	1508	1289	281
1791	1279	0	1728	1300	302
2047	1279	0	1952	1314	326
2303	1279	0	2179	1329	351
2559	1279	0	2408	1347	379
2815	1279	0	2639	1366	409
3071	1279	0	2871	1388	440
3327	1279	0	3103	1412	473
3583	1279	0	3336	1437	506
3839	1279	0	3570	1465	541
4095	1279	0	3805	1494	577
0	1535	0	661	1512	297
255	1535	0	728	1513	299
511	1535	0	834	1515	303
767	1535	0	980	1518	310
1023	1535	0	1154	1523	319
1279	1535	0	1347	1529	332
1535	1535	0	1552	1536	347
1791	1535	0	1766	1545	364
2047	1535	0	1985	1556	385
2303	1535	0	2208	1569	407
2559	1535	0	2433	1583	432
2815	1535	0	2661	1599	458
3071	1535	0	2891	1617	487
3327	1535	0	3121	1637	516
3583	1535	0	3353	1658	547
3839	1535	0	3585	1681	580
4095	1535	0	3819	1706	613
0	1791	0	790	1765	372
255	1791	0	846	1766	374
511	1791	0	938	1767	378
767	1791	0	1068	1770	383
1023	1791	0	1228	1773	391
1279	1791	0	1409	1778	402
1535	1791	0	1605	1785	415
1791	1791	0	1811	1792	430
2047	1791	0	2024	1801	447
2303	1791	0	2242	1812	467
2559	1791	0	2464	1824	489
2815	1791	0	2688	1837	513
3071	1791	0	2915	1852	538
3327	1791	0	3143	1869	565
3583	1791	0	3373	1887	594
3839	1791	0	3604	1907	624
4095	1791	0	3835	1928	655
0	2047	0	919	2017	448
255	2047	0	967	2018	450
511	2047	0	1047	2019	453
767	2047	0	1163	2022	458
1023	2047	0	1310	2025	464
1279	2047	0	1479	2029	473
1535	2047	0	1665	2034	484
1791	2047	0	1863	2041	498
2047	2047	0	2069	2048	513
2303	2047	0	2282	2057	530
2559	2047	0	2499	2068	550
2815	2047	0	2720	2079	571
3071	2047	0	2944	2092	594
3327	2047	0	3169	2106	619
3583	2047	0	3397	2122	645
3839	2047	0	3626	2139	672
4095	2047	0	3856	2158	701
0	2303	0	1048	2270	524
255	2303	0	1090	2271	526
511	2303	0	1160	2272	528
767	2303	0	1264	2274	532
1023	2303	0	1399	2276	538
1279	2303	0	1556	2280	546
1535	2303	0	1732	2284	555
1791	2303	0	1922	2290	567
2047	2303	0	2121	2297	581
2303	2303	0	2328	2304	596
2559	2303	0	2540	2313	613
2815	2303	0	2757	2323	632
3071	2303	0	2977	2335	653
3327	2303	0	3200	2347	676
3583	2303	0	3425	2361	700
3839	2303	0	3651	2376	725
4095	2303	0	3879	2392	752
0	2559	0	1177	2523	600
255	2559	0	1214	2523	601
511	2559	0	1276	2524	604
767	2559	0	1370	2526	607
1023	2559	0	1493	2528	612
1279	2559	0	1640	2531	619
1535	2559	0	1806	2535	628
1791	2559	0	1987	2540	638
2047	2559	0	2179	2546	650
2303	2559	0	2379	2553	664
2559	2559	0	2586	2561	679
2815	2559	0	2798	2569	696
3071	2559	0	3015	2579	715
3327	2559	0	3234	2590	736
3583	2559	0	3456	2602	758
3839	2559	0	3680	2616	781
4095	2559	0	3906	2630	806
0	2815	0	1306	2775	676
255	2815	0	1338	2776	677
511	2815	0	1394	2777	679
767	2815	0	1479	2778	682
1023	2815	0	1592	2780	687
1279	2815	0	1729	2783	693
1535	2815	0	1886	2786	700
1791	2815	0	2058	2791	710
2047	2815	0	2242	2796	720
2303	2815	0	2436	2802	733
2559	2815	0	2638	2809	747
2815	2815	0	2845	2817	762
3071	2815	0	3057	2826	780
3327	2815	0	3273	2835	798
3583	2815	0	3491	2846	818
3839	2815	0	3713	2858	840
4095	2815	0	3936	2871	863
0	3071	0	1435	3028	752
255	3071	0	1464	3028	753
511	3071	0	1514	3029	755
767	3071	0	1592	3030	757
1023	3071	0	1696	3032	762
1279	3071	0	1823	3035	767
1535	3071	0	1970	3038	774
1791	3071	0	2134	3042	782
2047	3071	0	2311	3046	792
2303	3071	0	2498	3052	803
2559	3071	0	2694	3058	816
2815	3071	0	2896	3065	830
3071	3071	0	3103	3073	846
3327	3071	0	3315	3082	863
3583	3071	0	3530	3091	881
3839	3071	0	3749	3102	901
4095	3071	0	3969	3113	922
0	3327	0	1564	3281	828
255	3327	0	1590	3281	829
511	3327	0	1635	3282	830
767	3327	0	1706	3283	833
1023	3327	0	1802	3284	836
1279	3327	0	1921	3287	841
1535	3327	0	2060	3290	847
1791	3327	0	2215	3293	855
2047	3327	0	2385	3297	864
2303	3327	0	2565	3302	874
2559	3327	0	2754	3308	886
2815	3327	0	2951	3314	899
3071	3327	0	3154	3321	913
3327	3327	0	3362	3329	929
3583	3327	0	3574	3338	946
3839	3327	0	3789	3347	964
4095	3327	0	4006	3358	984
0	3583	0	1693	3533	904
255	3583	0	1717	3534	904
511	3583	0	1758	3534	906
767	3583	0	1823	3535	908
1023	3583	0	1912	3537	912
1279	3583	0	2023	3539	916
1535	3583	0	2153	3541	922
1791	3583	0	2301	3545	928
2047	3583	0	2463	3548	936
2303	3583	0	2636	3553	946
2559	3583	0	2820	3558	956
2815	3583	0	3011	3564	968
3071	3583	0	3209	3570	982
3327	3583	0	3412	3577	996
3583	3583	0	3620	3585	1012
3839	3583	0	3832	3594	1029
4095	3583	0	4047	3603	1047
0	3839	0	1822	3786	980
255	3839	0	1843	3786	980
511	3839	0	1881	3787	982
767	3839	0	1941	3788	984
1023	3839	0	2024	3789	987
1279	3839	0	2127	3791	991
1535	3839	0	2251	3793	996
1791	3839	0	2391	3796	1002
2047	3839	0	2545	3800	1010
2303	3839	0	2712	3804	1018
2559	3839	0	2889	3808	1028
2815	3839	0	3075	3814	1039
3071	3839	0	3268	3820	1051
3327	3839	0	3467	3826	1065
3583	3839	0	3671	3833	1079
3839	3839	0	3879	3841	1095
4095	3839	0	4090	3850	1112
0	4095	0	1951	4038	1055
255	4095	0	1971	4039	1056
511	4095	0	2006	4039	1057
767	4095	0	2061	4040	1059
1023	4095	0	2138	4041	1062
1279	4095	0	2235	4043	1066
1535	4095	0	2351	4045	1070
1791	4095	0	2484	4048	1076
2047	4095	0	2631	4051	1083
2303	4095	0	2792	4055	1091
2559	4095	0	2963	4059	1100
2815	4095	0	3143	4064	1110
3071	4095	0	3331	4069	1121
3327	4095	0	3525	4076	1134
3583	4095	0	3725	4082	1148
3839	4095	0	3929	4090	1162
4095	4095	0	4095	4056	1166
0	0	255	4	1	207
255	0	255	223	10	210
511	0	255	458	26	215
767	0	255	695	52	224
1023	0	255	931	89	236
1279	0	255	1168	138	251
1535	0	255	1405	198	270
1791	0	255	1642	260	291
2047	0	255	1879	321	315
2303	0	255	2116	382	342
2559	0	255	2352	443	370
2815	0	255	2589	505	400
3071	0	255	2826	566	432
3327	0	255	3063	628	465
3583	0	255	3300	689	499
3839	0	255	3537	750	535
4095	0	255	3774	812	571
0	255	255	57	250	219
255	255	255	263	256	222
511	255	255	481	268	227
767	255	255	710	286	235
1023	255	255	942	310	247
1279	255	255	1177	340	262
1535	255	255	1412	375	280
1791	255	255	1647	415	301
2047	255	255	1883	458	324
2303	255	255	2120	504	350
2559	255	255	2356	553	378
2815	255	255	2593	603	408
3071	255	255	2829	655	439
3327	255	255	3066	709	472
3583	255	255	3303	763	506
3839	255	255	3539	819	540
4095	255	255	3776	875	576
0	511	255	150	502	240
255	511	255	325	506	242
511	511	255	520	512	247
767	511	255	737	522	255
1023	511	255	962	537	266
1279	511	255	1192	556	280
1535	511	255	1424	578	297
1791	511	255	1658	605	317
2047	511	255	1892	636	340
2303	511	255	2127	670	365
2559	511	255	2363	707	392
2815	511	255	2598	747	421
3071	511	255	2834	789	451
3327	511	255	3071	834	483
3583	511	255	3307	880	516
3839	511	255	3543	928	550
4095	511	255	3780	977	585
0	767	255	278	754	271
255	767	255	409	757	274
511	767	255	578	761	278
767	767	255	778	768	285
1023	767	255	993	778	295
1279	767	255	1216	791	308
1535	767	255	1444	807	324
1791	767	255	1674	826	343
2047	767	255	1906	848	364
2303	767	255	2139	873	388
2559	767	255	2373	902	414
2815	767	255	2608	932	441
3071	767	255	2843	966	470
3327	767	255	3078	1002	501
3583	767	255	3314	1040	533
3839	767	255	3550	1079	566
4095	767	255	3786	1121	600
0	1023	255	406	1007	312
255	1023	255	507	1009	314
511	1023	255	652	1012	318
767	1023	255	833	1017	325
1023	1023	255	1036	1024	334
1279	1023	255	1251	1033	346
1535	1023	255	1472	1045	360
1791	1023	255	1698	1060	377
2047	1023	255	1926	1077	397
2303	1023	255	2157	1096	419
2559	1023	255	2388	1118	443
2815	1023	255	2621	1142	469
3071	1023	255	2855	1169	497
3327	1023	255	3089	1198	526
3583	1023	255	3324	1229	556
3839	1023	255	3559	1262	588
4095	1023	255	3794	1297	621
0	1279	255	534	1260	361
255	1279	255	615	1261	363
511	1279	255	738	1263	366
767	1279	255	902	1267	372
1023	1279	255	1090	1273	380
1279	1279	255	1294	1280	391
1535	1279	255	1508	1289	404
1791	1279	255	1728	1301	419
2047	1279	255	1952	1314	437
2303	1279	255	2179	1329	457
2559	1279	255	2408	1347	480
2815	1279	255	2639	1366	504
3071	1279	255	2871	1388	530
3327	1279	255	3103	1412	557
3583	1279	255	3337	1437	586
3839	1279	255	3571	1465	616
4095	1279	255	3805	1494	648
0	1535	255	663	1512	415
255	1535	255	729	1513	417
511	1535	255	835	1515	420
767	1535	255	981	1518	425
1023	1535	255	1155	1523	432
1279	1535	255	1348	1529	442
1535	1535	255	1553	1536	454
1791	1535	255	1766	1545	468
2047	1535	255	1985	1556	484
2303	1535	255	2208	1569	502
2559	1535	255	2434	1583	523
2815	1535	255	2661	1599	545
3071	1535	255	2891	1617	569
3327	1535	255	3122	1637	595
3583	1535	255	3353	1658	622
3839	1535	255	3586	1681	650
4095	1535	255	3819	1706	680
0	1791	255	791	1765	474
255	1791	255	847	1766	476
511	1791	255	938	1767	479
767	1791	255	1069	1770	483
1023	1791	255	1229	1774	489
1279	1791	255	1410	1778	498
1535	1791	255	1605	1785	508
1791	1791	255	1811	1792	521
2047	1791	255	2024	1801	536
2303	1791	255	2242	1812	552
2559	1791	255	2464	1824	571
2815	1791	255	2688	1837	592
3071	1791	255	2915	1853	614
3327	1791	255	3144	1869	638
3583	1791	255	3373	1887	663
3839	1791	255	3604	1907	690
4095	1791	255	3836	1929	718
0	2047	255	920	2017	537
255	2047	255	968	2018	538
511	2047	255	1047	2019	540
767	2047	255	1164	2022	545
1023	2047	255	1310	2025	550
1279	2047	255	1480	2029	558
1535	2047	255	1666	2034	567
1791	2047	255	1863	2041	579
2047	2047	255	2070	2048	592
2303	2047	255	2282	2057	607
2559	2047	255	2500	2068	624
2815	2047	255	2720	2079	643
3071	2047	255	2944	2092	663
3327	2047	255	3170	2107	685
3583	2047	255	3397	2122	709
3839	2047	255	3626	2139	734
4095	2047	255	3856	2158	760
0	2303	255	1049	2270	602
255	2303	255	1090	2271	603
511	2303	255	1160	2272	605
767	2303	255	1265	2274	609
1023	2303	255	1399	2276	614
1279	2303	255	1557	2280	621
1535	2303	255	1733	2285	629
1791	2303	255	1922	2290	639
2047	2303	255	2121	2297	651
2303	2303	255	2328	2305	665
2559	2303	255	2540	2313	681
2815	2303	255	2757	2324	698
3071	2303	255	2977	2335	717
3327	2303	255	3200	2347	737
3583	2303	255	3425	2361	759
3839	2303	255	3651	2376	782
4095	2303	255	3879	2392	807
0	2559	255	1178	2523	669
255	2559	255	1214	2523	670
511	2559	255	1276	2524	672
767	2559	255	1370	2526	675
1023	2559	255	1494	2528	680
1279	2559	255	1641	2531	686
1535	2559	255	1807	2535	693
1791	2559	255	1987	2540	703
2047	2559	255	2179	2546	713
2303	2559	255	2380	2553	726
2559	2559	255	2587	2561	740
2815	2559	255	2799	2570	756
3071	2559	255	3015	2579	773
3327	2559	255	3234	2590	792
3583	2559	255	3456	2603	812
3839	2559	255	3680	2616	834
4095	2559	255	3906	2630	857
0	2815	255	1307	2775	737
255	2815	255	1339	2776	738
511	2815	255	1394	2777	740
767	2815	255	1480	2778	743
1023	2815	255	1593	2780	747
1279	2815	255	1730	2783	753
1535	2815	255	1886	2787	760
1791	2815	255	2058	2791	768
2047	2815	255	2243	2796	778
2303	2815	255	2436	2802	789
2559	2815	255	2638	2809	802
2815	2815	255	2845	2817	817
3071	2815	255	3057	2826	833
3327	2815	255	3273	2835	850
3583	2815	255	3491	2846	869
3839	2815	255	3713	2858	889
4095	2815	255	3936	2871	910
0	3071	255	1436	3028	807
255	3071	255	1464	3028	808
511	3071	255	1514	3029	810
767	3071	255	1592	3030	812
1023	3071	255	1696	3032	816
1279	3071	255	1824	3035	821
1535	3071	255	1971	3038	827
1791	3071	255	2134	3042	835
2047	3071	255	2311	3046	844
2303	3071	255	2498	3052	854
2559	3071	255	2694	3058	866
2815	3071	255	2896	3065	880
3071	3071	255	3104	3073	894
3327	3071	255	3315	3082	910
3583	3071	255	3531	3091	928
3839	3071	255	3749	3102	947
4095	3071	255	3969	3113	967
0	3327	255	1564	3281	878
255	3327	255	1590	3281	879
511	3327	255	1636	3282	880
767	3327	255	1707	3283	882
1023	3327	255	1803	3285	886
1279	3327	255	1922	3287	890
1535	3327	255	2060	3290	896
1791	3327	255	2216	3293	903
2047	3327	255	2385	3297	912
2303	3327	255	2565	3302	921
2559	3327	255	2755	3308	932
2815	3327	255	2952	3314	944
3071	3327	255	3154	3321	958
3327	3327	255	3362	3329	973
3583	3327	255	3574	3338	989
3839	3327	255	3789	3347	1007
4095	3327	255	4006	3358	1025
0	3583	255	1693	3533	949
255	3583	255	1717	3534	950
511	3583	255	1758	3534	951
767	3583	255	1824	3535	954
1023	3583	255	1912	3537	957
1279	3583	255	2023	3539	961
1535	3583	255	2154	3541	966
1791	3583	255	2301	3545	973
2047	3583	255	2463	3548	980
2303	3583	255	2637	3553	989
2559	3583	255	2820	3558	999
2815	3583	255	3011	3564	1011
3071	3583	255	3209	3570	1023
3327	3583	255	3413	3577	1037
3583	3583	255	3621	3585	1052
3839	3583	255	3832	3594	1068
4095	3583	255	4047	3603	1086
0	3839	255	1822	3786	1021
255	3839	255	1844	3786	1022
511	3839	255	1882	3787	1023
767	3839	255	1942	3788	1025
1023	3839	255	2024	3789	1028
1279	3839	255	2128	3791	1032
1535	3839	255	2251	3793	1037
1791	3839	255	2391	3796	1043
2047	3839	255	2545	3800	1050
2303	3839	255	2712	3804	1058
2559	3839	255	2890	3808	1068
2815	3839	255	3075	3814	1078
3071	3839	255	3268	3820	1090
3327	3839	255	3467	3826	1103
3583	3839	255	3671	3833	1117
3839	3839	255	3879	3841	1132
4095	3839	255	4090	3850	1148
0	4095	255	1951	4039	1094
255	4095	255	1971	4039	1095
511	4095	255	2006	4039	1096
767	4095	255	2062	4040	1098
1023	4095	255	2138	4042	1100
1279	4095	255	2235	4043	1104
1535	4095	255	2351	4045	1108
1791	4095	255	2484	4048	1114
2047	4095	255	2632	4051	1120
2303	4095	255	2792	4055	1128
2559	4095	255	2963	4059	1137
2815	4095	255	3143	4064	1147
3071	4095	255	3331	4070	1157
3327	4095	255	3526	4076	1169
3583	4095	255	3725	4082	1183
3839	4095	255	3929	4090	1197
4095	4095	255	4095	4055	1200
0	0	511	12	4	437
255	0	511	229	12	438
511	0	511	462	28	441
767	0	511	697	54	446
1023	0	511	933	91	453
1279	0	511	1169	140	462
1535	0	511	1406	200	474
1791	0	511	1643	261	487
2047	0	511	1879	322	503
2303	0	511	2116	383	520
2559	0	511	2353	445	540
2815	0	511	2590	506	562
3071	0	511	2827	567	585
3327	0	511	3064	628	610
3583	0	511	3301	690	637
3839	0	511	3538	751	665
4095	0	511	3775	812	694
0	255	511	64	251	444
255	255	511	268	258	445
511	255	511	485	269	448
767	255	511	712	287	453
1023	255	511	944	311	460
1279	255	511	1178	341	469
1535	255	511	1413	376	480
1791	255	511	1648	416	493
2047	255	511	1884	459	509
2303	255	511	2120	505	526
2559	255	511	2357	554	546
2815	255	511	2593	604	567
3071	255	511	2830	656	590
3327	255	511	3066	710	615
3583	255	511	3303	764	641
3839	255	511	3540	819	669
4095	255	511	3776	876	698
0	511	511	158	503	456
255	511	511	329	506	457
511	511	511	523	513	460
767	511	511	739	523	465
1023	511	511	964	538	471
1279	511	511	1193	556	480
1535	511	511	1425	579	491
1791	511	511	1659	606	504
2047	511	511	1893	637	519
2303	511	511	2128	671	536
2559	511	511	2363	708	556
2815	511	511	2599	748	577
3071	511	511	2835	790	599
3327	511	511	3071	834	624
3583	511	511	3307	880	650
3839	511	511	3544	928	677
4095	511	511	3780	977	706
0	767	511	283	755	475
255	767	511	413	757	476
511	767	511	580	762	479
767	767	511	780	769	483
1023	767	511	995	778	490
1279	767	511	1218	791	498
1535	767	511	1445	807	509
1791	767	511	1675	826	521
2047	767	511	1907	849	536
2303	767	511	2140	874	553
2559	767	511	2374	902	571
2815	767	511	2608	933	592
3071	767	511	2843	966	614
3327	767	511	3079	1002	638
3583	767	511	3314	1040	663
3839	767	511	3550	1080	690
4095	767	511	3786	1122	718
0	1023	511	410	1007	501
255	1023	511	511	1009	502
511	1023	511	654	1012	505
767	1023	511	835	1017	509
1023	1023	511	1038	1024	515
1279	1023	511	1252	1034	523
1535	1023	511	1473	1046	533
1791	1023	511	1698	1060	545
2047	1023	511	1927	1077	559
2303	1023	511	2157	1097	575
2559	1023	511	2389	1118	593
2815	1023	511	2622	1143	613
3071	1023	511	2855	1169	635
3327	1023	511	3089	1198	658
3583	1023	511	3324	1229	682
3839	1023	511	3559	1262	708
4095	1023	511	3794	1297	735
0	1279	511	537	1260	533
255	1279	511	618	1261	535
511	1279	511	741	1264	537
767	1279	511	903	1267	541
1023	1279	511	1092	1273	547
1279	1279	511	1296	1280	555
1535	1279	511	1509	1290	564
1791	1279	511	1729	1301	576
2047	1279	511	1953	1314	589
2303	1279	511	2180	1330	604
2559	1279	511	2409	1347	621
2815	1279	511	2640	1367	640
3071	1279	511	2871	1388	661
3327	1279	511	3104	1412	683
3583	1279	511	3337	1438	707
3839	1279	511	3571	1465	732
4095	1279	511	3805	1495	758
0	1535	511	665	1512	572
255	1535	511	732	1513	574
511	1535	511	837	1515	576
767	1535	511	982	1519	580
1023	1535	511	1156	1523	585
1279	1535	511	1349	1529	592
1535	1535	511	1554	1536	601
1791	1535	511	1767	1546	612
2047	1535	511	1986	1556	624
2303	1535	511	2208	1569	639
2559	1535	511	2434	1583	655
2815	1535	511	2662	1600	673
3071	1535	511	2891	1617	692
3327	1535	511	3122	1637	714
3583	1535	511	3354	1659	736
3839	1535	511	3586	1682	760
4095	1535	511	3819	1707	786
0	1791	511	793	1765	617
255	1791	511	849	1766	618
511	1791	511	940	1767	620
767	1791	511	1070	1770	624
1023	1791	511	1230	1774	629
1279	1791	511	1411	1779	635
1535	1791	511	1606	1785	644
1791	1791	511	1812	1793	654
2047	1791	511	2025	1802	665
2303	1791	511	2243	1812	679
2559	1791	511	2464	1824	694
2815	1791	511	2689	1838	711
3071	1791	511	2916	1853	729
3327	1791	511	3144	1869	749
3583	1791	511	3374	1888	771
3839	1791	511	3604	1907	794
4095	1791	511	3836	1929	818
0	2047	511	922	2018	666
255	2047	511	970	2018	667
511	2047	511	1049	2020	669
767	2047	511	1165	2022	672
1023	2047	511	1312	2025	677
1279	2047	511	1481	2029	683
1535	2047	511	1666	2034	691
1791	2047	511	1864	2041	700
2047	2047	511	2070	2049	711
2303	2047	511	2283	2058	724
2559	2047	511	2500	2068	738
2815	2047	511	2721	2079	754
3071	2047	511	2944	2092	771
3327	2047	511	3170	2107	790
3583	2047	511	3397	2122	810
3839	2047	511	3626	2140	832
4095	2047	511	3856	2158	855
0	2303	511	1050	2270	719
255	2303	511	1092	2271	720
511	2303	511	1162	2272	722
767	2303	511	1266	2274	725
1023	2303	511	1400	2277	729
1279	2303	511	1558	2280	735
1535	2303	511	1734	2285	742
1791	2303	511	1923	2290	751
2047	2303	511	2122	2297	761
2303	2303	511	2329	2305	773
2559	2303	511	2541	2314	786
2815	2303	511	2758	2324	801
3071	2303	511	2978	2335	817
3327	2303	511	3200	2347	835
3583	2303	511	3425	2361	854
3839	2303	511	3652	2376	874
4095	2303	511	3879	2392	896
0	2559	511	1179	2523	776
255	2559	511	1215	2523	777
511	2559	511	1277	2524	778
767	2559	511	1372	2526	781
1023	2559	511	1494	2528	785
1279	2559	511	1641	2532	790
1535	2559	511	1807	2536	797
1791	2559	511	1988	2540	805
2047	2559	511	2180	2546	814
2303	2559	511	2380	2553	825
2559	2559	511	2587	2561	838
2815	2559	511	2799	2570	851
3071	2559	511	3015	2580	867
3327	2559	511	3235	2591	883
3583	2559	511	3456	2603	901
3839	2559	511	3680	2616	921
4095	2559	511	3906	2630	941
0	2815	511	1308	2775	835
255	2815	511	1340	2776	836
511	2815	511	1396	2777	837
767	2815	511	1481	2778	840
1023	2815	511	1594	2780	844
1279	2815	511	1730	2783	848
1535	2815	511	1887	2787	854
1791	2815	511	2059	2791	862
2047	2815	511	2243	2796	871
2303	2815	511	2437	2802	881
2559	2815	511	2638	2809	892
2815	2815	511	2845	2817	905
3071	2815	511	3057	2826	919
3327	2815	511	3273	2836	935
3583	2815	511	3492	2846	952
3839	2815	511	3713	2858	970
4095	2815	511	3936	2871	990
0	3071	511	1437	3028	896
255	3071	511	1465	3028	897
511	3071	511	1515	3029	899
767	3071	511	1593	3031	901
1023	3071	511	1697	3032	904
1279	3071	511	1824	3035	909
1535	3071	511	1972	3038	915
1791	3071	511	2135	3042	921
2047	3071	511	2312	3047	930
2303	3071	511	2499	3052	939
2559	3071	511	2694	3058	950
2815	3071	511	2896	3065	962
3071	3071	511	3104	3073	975
3327	3071	511	3316	3082	990
3583	3071	511	3531	3092	1006
3839	3071	511	3749	3102	1023
4095	3071	511	3970	3114	1041
0	3327	511	1565	3281	960
255	3327	511	1591	3281	961
511	3327	511	1637	3282	962
767	3327	511	1708	3283	964
1023	3327	511	1804	3285	967
1279	3327	511	1922	3287	971
1535	3327	511	2061	3290	977
1791	3327	511	2216	3293	983
2047	3327	511	2385	3297	991
2303	3327	511	2566	3302	999
2559	3327	511	2755	3308	1009
2815	3327	511	2952	3314	1021
3071	3327	511	3155	3321	1033
3327	3327	511	3362	3329	1047
3583	3327	511	3574	3338	1062
3839	3327	511	3789	3348	1078
4095	3327	511	4007	3358	1095
0	3583	511	1694	3533	1025
255	3583	511	1718	3534	1026
511	3583	511	1759	3534	1027
767	3583	511	1824	3535	1029
1023	3583	511	1913	3537	1032
1279	3583	511	2024	3539	1036
1535	3583	511	2154	3542	1041
1791	3583	511	2302	3545	1047
2047	3583	511	2464	3548	1054
2303	3583	511	2637	3553	1062
2559	3583	511	2820	3558	1071
2815	3583	511	3012	3564	1082
3071	3583	511	3210	3570	1093
3327	3583	511	3413	3577	1106
3583	3583	511	3621	3585	1120
3839	3583	511	3832	3594	1135
4095	3583	511	4047	3604	1151
0	3839	511	1823	3786	1091
255	3839	511	1845	3786	1092
511	3839	511	1883	3787	1093
767	3839	511	1943	3788	1095
1023	3839	511	2025	3789	1098
1279	3839	511	2128	3791	1101
1535	3839	511	2251	3793	1106
1791	3839	511	2391	3796	1111
2047	3839	511	2546	3800	1118
2303	3839	511	2713	3804	1126
2559	3839	511	2890	3808	1134
2815	3839	511	3076	3814	1144
3071	3839	511	3269	3820	1155
3327	3839	511	3468	3826	1167
3583	3839	511	3671	3834	1180
3839	3839	511	3879	3842	1195
4095	3839	511	4091	3850	1210
0	4095	511	1952	4039	1159
255	4095	511	1972	4039	1160
511	4095	511	2007	4039	1161
767	4095	511	2062	4040	1162
1023	4095	511	2139	4042	1165
1279	4095	511	2236	4043	1168
1535	4095	511	2352	4045	1173
1791	4095	511	2485	4048	1178
2047	4095	511	2632	4051	1184
2303	4095	511	2793	4055	1191
2559	4095	511	2964	4059	1199
2815	4095	511	3144	4064	1208
3071	4095	511	3332	4070	1219
3327	4095	511	3526	4076	1230
3583	4095	511	3726	4082	1242
3839	4095	511	3930	4090	1256
4095	4095	511	4095	4055	1257
0	0	767	25	7	667
255	0	767	239	16	668
511	0	767	467	32	670
767	0	767	701	58	673
1023	0	767	936	95	678
1279	0	767	1171	144	684
1535	0	767	1408	204	692
1791	0	767	1644	264	701
2047	0	767	1881	325	712
2303	0	767	2117	385	724
2559	0	767	2354	446	739
2815	0	767	2591	507	754
3071	0	767	2827	568	772
3327	0	767	3064	630	791
3583	0	767	3301	691	811
3839	0	767	3538	752	833
4095	0	767	3775	813	856
0	255	767	77	254	671
255	255	767	277	261	672
511	255	767	490	272	674
767	255	767	716	290	678
1023	255	767	947	314	682
1279	255	767	1180	343	688
1535	255	767	1414	378	696
1791	255	767	1650	418	705
2047	255	767	1885	461	716
2303	255	767	2121	507	728
2559	255	767	2358	555	743
2815	255	767	2594	605	758
3071	255	767	2830	657	776
3327	255	767	3067	711	794
3583	255	767	3304	765	815
3839	255	767	3540	820	836
4095	255	767	3777	876	859
0	511	767	171	504	679
255	511	767	337	508	680
511	511	767	528	514	682
767	511	767	742	525	686
1023	511	767	966	539	690
1279	511	767	1195	558	696
1535	511	767	1427	581	704
1791	511	767	1660	607	713
2047	511	767	1894	638	723
2303	511	767	2129	672	736
2559	511	767	2364	709	750
2815	511	767	2600	749	765
3071	511	767	2836	791	782
3327	511	767	3072	835	801
3583	511	767	3308	881	821
3839	511	767	3544	929	842
4095	511	767	3781	978	865
0	767	767	291	756	692
255	767	767	419	758	693
511	767	767	585	763	695
767	767	767	783	770	698
1023	767	767	997	779	703
1279	767	767	1220	792	709
1535	767	767	1447	808	716
1791	767	767	1676	827	725
2047	767	767	1908	850	736
2303	767	767	2141	875	748
2559	767	767	2375	903	761
2815	767	767	2609	934	777
3071	767	767	2844	967	794
3327	767	767	3079	1003	812
3583	767	767	3315	1041	832
3839	767	767	3550	1081	853
4095	767	767	3786	1122	875
0	1023	767	416	1008	710
255	1023	767	516	1010	711
511	1023	767	658	1013	713
767	1023	767	838	1018	716
1023	1023	767	1040	1025	721
1279	1023	767	1254	1035	726
1535	1023	767	1474	1047	733
1791	1023	767	1700	1061	742
2047	1023	767	1928	1078	752
2303	1023	767	2158	1097	764
2559	1023	767	2390	1119	778
2815	1023	767	2623	1143	793
3071	1023	767	2856	1170	809
3327	1023	767	3090	1199	827
3583	1023	767	3325	1230	846
3839	1023	767	3559	1263	867
4095	1023	767	3795	1298	889
0	1279	767	542	1260	734
255	1279	767	622	1262	735
511	1279	767	744	1264	736
767	1279	767	906	1268	739
1023	1279	767	1094	1274	744
1279	1279	767	1297	1281	749
1535	1279	767	1511	1290	756
1791	1279	767	1730	1302	765
2047	1279	767	1954	1315	774
2303	1279	767	2181	1330	786
2559	1279	767	2410	1348	799
2815	1279	767	2640	1367	814
3071	1279	767	2872	1389	830
3327	1279	767	3104	1413	847
3583	1279	767	3338	1438	866
3839	1279	767	3571	1466	886
4095	1279	767	3806	1495	908
0	1535	767	669	1513	762
255	1535	767	735	1514	763
511	1535	767	840	1516	765
767	1535	767	985	1519	768
1023	1535	767	1158	1523	772
1279	1535	767	1351	1529	777
1535	1535	767	1555	1537	784
1791	1535	767	1768	1546	792
2047	1535	767	1987	1557	801
2303	1535	767	2209	1569	813
2559	1535	767	2435	1584	825
2815	1535	767	2663	1600	839
3071	1535	767	2892	1618	855
3327	1535	767	3123	1638	872
3583	1535	767	3354	1659	890
3839	1535	767	3586	1682	909
4095	1535	767	3819	1707	930
0	1791	767	797	1765	796
255	1791	767	852	1766	797
511	1791	767	943	1768	798
767	1791	767	1072	1770	801
1023	1791	767	1232	1774	805
1279	1791	767	1412	1779	810
1535	1791	767	1608	1785	816
1791	1791	767	1813	1793	824
2047	1791	767	2026	1802	833
2303	1791	767	2244	1812	844
2559	1791	767	2465	1825	856
2815	1791	767	2690	1838	869
3071	1791	767	2916	1853	884
3327	1791	767	3145	1870	901
3583	1791	767	3374	1888	918
3839	1791	767	3605	1908	937
4095	1791	767	3836	1929	957
0	2047	767	925	2018	834
255	2047	767	972	2019	835
511	2047	767	1051	2020	836
767	2047	767	1167	2022	839
1023	2047	767	1313	2025	842
1279	2047	767	1482	2030	847
1535	2047	767	1668	2035	853
1791	2047	767	1865	2041	861
2047	2047	767	2071	2049	870
2303	2047	767	2284	2058	880
2559	2047	767	2501	2068	891
2815	2047	767	2722	2080	904
3071	2047	767	2945	2093	918
3327	2047	767	3171	2107	934
3583	2047	767	3398	2123	951
3839	2047	767	3627	2140	969
4095	2047	767	3857	2158	989
0	2303	767	1053	2270	876
255	2303	767	1094	2271	877
511	2303	767	1164	2272	878
767	2303	767	1268	2274	881
1023	2303	767	1402	2277	884
1279	2303	767	1559	2280	889
1535	2303	767	1735	2285	895
1791	2303	767	1924	2291	902
2047	2303	767	2123	2297	910
2303	2303	767	2330	2305	920
2559	2303	767	2542	2314	931
2815	2303	767	2758	2324	943
3071	2303	767	2978	2335	957
3327	2303	767	3201	2348	971
3583	2303	767	3426	2361	988
3839	2303	767	3652	2376	1005
4095	2303	767	3880	2393	1024
0	2559	767	1181	2523	922
255	2559	767	1217	2524	923
511	2559	767	1279	2525	924
767	2559	767	1373	2526	927
1023	2559	767	1496	2529	930
1279	2559	767	1643	2532	934
1535	2559	767	1809	2536	940
1791	2559	767	1989	2541	946
2047	2559	767	2181	2547	954
2303	2559	767	2381	2553	963
2559	2559	767	2588	2561	974
2815	2559	767	2800	2570	986
3071	2559	767	3016	2580	998
3327	2559	767	3235	2591	1013
3583	2559	767	3457	2603	1028
3839	2559	767	3681	2616	1045
4095	2559	767	3907	2630	1063
0	2815	767	1310	2776	972
255	2815	767	1342	2776	972
511	2815	767	1397	2777	974
767	2815	767	1482	2778	976
1023	2815	767	1595	2781	979
1279	2815	767	1732	2783	983
1535	2815	767	1888	2787	988
1791	2815	767	2060	2791	994
2047	2815	767	2244	2796	1002
2303	2815	767	2438	2802	1011
2559	2815	767	2639	2809	1020
2815	2815	767	2846	2817	1032
3071	2815	767	3058	2826	1044
3327	2815	767	3274	2836	1057
3583	2815	767	3492	2847	1072
3839	2815	767	3714	2858	1088
4095	2815	767	3937	2871	1105
0	3071	767	1438	3028	1024
255	3071	767	1467	3029	1025
511	3071	767	1517	3029	1026
767	3071	767	1594	3031	1028
1023	3071	767	1698	3033	1031
1279	3071	767	1826	3035	1035
1535	3071	767	1973	3038	1040
1791	3071	767	2136	3042	1046
2047	3071	767	2313	3047	1053
2303	3071	767	2500	3052	1061
2559	3071	767	2695	3058	1070
2815	3071	767	2897	3065	1081
3071	3071	767	3105	3073	1092
3327	3071	767	3316	3082	1105
3583	3071	767	3532	3092	1119
3839	3071	767	3750	3102	1134
4095	3071	767	3970	3114	1151
0	3327	767	1567	3281	1079
255	3327	767	1593	3281	1080
511	3327	767	1638	3282	1081
767	3327	767	1709	3283	1083
1023	3327	767	1805	3285	1086
1279	3327	767	1923	3287	1089
1535	3327	767	2062	3290	1094
1791	3327	767	2217	3293	1099
2047	3327	767	2386	3298	1106
2303	3327	767	2567	3302	1114
2559	3327	767	2756	3308	1123
2815	3327	767	2953	3314	1133
3071	3327	767	3155	3322	1144
3327	3327	767	3363	3329	1156
3583	3327	767	3575	3338	1169
3839	3327	767	3789	3348	1184
4095	3327	767	4007	3358	1199
0	3583	767	1695	3533	1136
255	3583	767	1719	3534	1137
511	3583	767	1760	3534	1138
767	3583	767	1825	3536	1140
1023	3583	767	1914	3537	1143
1279	3583	767	2025	3539	1146
1535	3583	767	2155	3542	1150
1791	3583	767	2303	3545	1156
2047	3583	767	2464	3549	1162
2303	3583	767	2638	3553	1169
2559	3583	767	2821	3558	1177
2815	3583	767	3012	3564	1187
3071	3583	767	3210	3570	1197
3327	3583	767	3414	3578	1209
3583	3583	767	3621	3586	1222
3839	3583	767	3833	3594	1235
4095	3583	767	4047	3604	1250
0	3839	767	1824	3786	1196
255	3839	767	1846	3786	1196
511	3839	767	1884	3787	1197
767	3839	767	1944	3788	1199
1023	3839	767	2026	3789	1202
1279	3839	767	2129	3791	1205
1535	3839	767	2252	3794	1209
1791	3839	767	2392	3797	1214
2047	3839	767	2547	3800	1220
2303	3839	767	2714	3804	1227
2559	3839	767	2891	3809	1235
2815	3839	767	3076	3814	1243
3071	3839	767	3269	3820	1253
3327	3839	767	3468	3826	1264
3583	3839	767	3672	3834	1276
3839	3839	767	3880	3842	1289
4095	3839	767	4091	3850	1303
0	4095	767	1953	4039	1257
255	4095	767	1973	4039	1257
511	4095	767	2008	4040	1258
767	4095	767	2063	4040	1260
1023	4095	767	2140	4042	1262
1279	4095	767	2237	4043	1265
1535	4095	767	2353	4046	1269
1791	4095	767	2485	4048	1274
2047	4095	767	2633	4051	1279
2303	4095	767	2793	4055	1286
2559	4095	767	2964	4059	1293
2815	4095	767	3144	4064	1302
3071	4095	767	3332	4070	1311
3327	4095	767	3526	4076	1322
3583	4095	767	3726	4082	1333
3839	4095	767	3930	4090	1345
4095	4095	767	4095	4055	1345
0	0	1023	43	13	897
255	0	1023	253	22	898
511	0	1023	475	38	899
767	0	1023	706	63	902
1023	0	1023	940	100	905
1279	0	1023	1174	150	909
1535	0	1023	1410	208	915
1791	0	1023	1646	268	922
2047	0	1023	1882	328	930
2303	0	1023	2119	388	939
2559	0	1023	2355	449	950
2815	0	1023	2592	510	962
3071	0	1023	2829	570	975
3327	0	1023	3065	631	990
3583	0	1023	3302	692	1006
3839	0	1023	3539	754	1023
4095	0	1023	3776	815	1041
0	255	1023	95	258	900
255	255	1023	290	265	901
511	255	1023	498	276	903
767	255	1023	721	293	905
1023	255	1023	951	317	908
1279	255	1023	1183	347	913
1535	255	1023	1417	381	918
1791	255	1023	1652	420	925
2047	255	1023	1887	463	933
2303	255	1023	2123	509	943
2559	255	1023	2359	557	953
2815	255	1023	2595	607	965
3071	255	1023	2831	659	978
3327	255	1023	3068	712	993
3583	255	1023	3304	767	1009
3839	255	1023	3541	822	1026
4095	255	1023	3778	878	1044
0	511	1023	188	507	906
255	511	1023	348	510	907
511	511	1023	535	517	908
767	511	1023	747	527	911
1023	511	1023	970	541	914
1279	511	1023	1198	560	918
1535	511	1023	1429	583	924
1791	511	1023	1662	609	931
2047	511	1023	1896	640	939
2303	511	1023	2130	674	948
2559	511	1023	2365	711	959
2815	511	1023	2601	750	971
3071	511	1023	2837	792	984
3327	511	1023	3073	836	998
3583	511	1023	3309	883	1014
3839	511	1023	3545	930	1031
4095	511	1023	3781	979	1049
0	767	1023	303	758	916
255	767	1023	428	760	916
511	767	1023	591	764	918
767	767	1023	788	771	920
1023	767	1023	1001	781	923
1279	767	1023	1222	794	928
1535	767	1023	1449	810	933
1791	767	1023	1678	829	940
2047	767	1023	1910	851	948
2303	767	1023	2142	876	957
2559	767	1023	2376	904	968
2815	767	1023	2610	935	979
3071	767	1023	2845	968	992
3327	767	1023	3080	1004	1007
3583	767	1023	3315	1042	1022
3839	767	1023	3551	1082	1039
4095	767	1023	3787	1123	1057
0	1023	1023	425	1009	929
255	1023	1023	523	1011	930
511	1023	1023	664	1014	931
767	1023	1023	843	1019	933
1023	1023	1023	1043	1026	937
1279	1023	1023	1256	1036	941
1535	1023	1023	1477	1048	946
1791	1023	1023	1702	1062	953
2047	1023	1023	1930	1079	961
2303	1023	1023	2160	1098	970
2559	1023	1023	2391	1120	980
2815	1023	1023	2624	1144	992
3071	1023	1023	2857	1171	1005
3327	1023	1023	3091	1200	1019
3583	1023	1023	3325	1231	1034
3839	1023	1023	3560	1264	1051
4095	1023	1023	3795	1299	1069
0	1279	1023	549	1261	946
255	1279	1023	628	1263	947
511	1279	1023	749	1265	949
767	1279	1023	910	1269	951
1023	1279	1023	1097	1274	954
1279	1279	1023	1300	1282	958
1535	1279	1023	1513	1291	964
1791	1279	1023	1732	1302	970
2047	1279	1023	1956	1316	978
2303	1279	1023	2182	1331	987
2559	1279	1023	2411	1349	997
2815	1279	1023	2641	1368	1008
3071	1279	1023	2873	1390	1021
3327	1279	1023	3105	1413	1035
3583	1279	1023	3338	1439	1050
3839	1279	1023	3572	1466	1066
4095	1279	1023	3806	1496	1084
0	1535	1023	675	1514	968
255	1535	1023	740	1515	969
511	1535	1023	844	1517	970
767	1535	1023	988	1520	972
1023	1535	1023	1161	1524	976
1279	1535	1023	1353	1530	980
1535	1535	1023	1557	1538	985
1791	1535	1023	1770	1547	991
2047	1535	1023	1988	1558	999
2303	1535	1023	2211	1570	1007
2559	1535	1023	2436	1584	1017
2815	1535	1023	2664	1601	1028
3071	1535	1023	2893	1618	1041
3327	1535	1023	3123	1638	1054
3583	1535	1023	3355	1660	1069
3839	1535	1023	3587	1683	1085
4095	1535	1023	3820	1708	1102
0	1791	1023	801	1766	994
255	1791	1023	857	1767	995
511	1791	1023	947	1768	996
767	1791	1023	1076	1771	998
1023	1791	1023	1235	1775	1001
1279	1791	1023	1415	1780	1005
1535	1791	1023	1610	1786	1010
1791	1791	1023	1815	1793	1016
2047	1791	1023	2027	1802	1024
2303	1791	1023	2245	1813	1032
2559	1791	1023	2466	1825	1042
2815	1791	1023	2691	1839	1053
3071	1791	1023	2917	1854	1065
3327	1791	1023	3145	1870	1078
3583	1791	1023	3375	1889	1092
3839	1791	1023	3606	1908	1108
4095	1791	1023	3837	1930	1125
0	2047	1023	929	2018	1024
255	2047	1023	976	2019	1025
511	2047	1023	1055	2020	1026
767	2047	1023	1170	2023	1028
1023	2047	1023	1316	2026	1031
1279	2047	1023	1485	2030	1035
1535	2047	1023	1670	2035	1040
1791	2047	1023	1867	2042	1046
2047	2047	1023	2073	2049	1053
2303	2047	1023	2285	2058	1061
2559	2047	1023	2502	2069	1070
2815	2047	1023	2723	2080	1081
3071	2047	1023	2946	2093	1092
3327	2047	1023	3172	2107	1105
3583	2047	1023	3399	2123	1119
3839	2047	1023	3627	2140	1134
4095	2047	1023	3857	2159	1151
0	2303	1023	1056	2271	1058
255	2303	1023	1097	2272	1059
511	2303	1023	1167	2273	1060
767	2303	1023	1271	2275	1062
1023	2303	1023	1404	2277	1065
1279	2303	1023	1562	2281	1068
1535	2303	1023	1737	2285	1073
1791	2303	1023	1926	2291	1079
2047	2303	1023	2124	2298	1086
2303	2303	1023	2331	2305	1093
2559	2303	1023	2543	2314	1102
2815	2303	1023	2759	2324	1113
3071	2303	1023	2979	2336	1124
3327	2303	1023	3202	2348	1136
3583	2303	1023	3426	2362	1150
3839	2303	1023	3653	2377	1165
4095	2303	1023	3881	2393	1180
0	2559	1023	1184	2523	1096
255	2559	1023	1220	2524	1096
511	2559	1023	1282	2525	1097
767	2559	1023	1376	2527	1099
1023	2559	1023	1498	2529	1102
1279	2559	1023	1645	2532	1105
1535	2559	1023	1810	2536	1110
1791	2559	1023	1991	2541	1115
2047	2559	1023	2182	2547	1122
2303	2559	1023	2382	2554	1130
2559	2559	1023	2589	2561	1138
2815	2559	1023	2801	2570	1148
3071	2559	1023	3017	2580	1159
3327	2559	1023	3236	2591	1171
3583	2559	1023	3458	2603	1184
3839	2559	1023	3682	2616	1198
4095	2559	1023	3907	2631	1214
0	2815	1023	1312	2776	1136
255	2815	1023	1344	2776	1137
511	2815	1023	1400	2777	1138
767	2815	1023	1485	2779	1140
1023	2815	1023	1597	2781	1143
1279	2815	1023	1734	2784	1146
1535	2815	1023	1890	2787	1150
1791	2815	1023	2061	2792	1156
2047	2815	1023	2245	2797	1162
2303	2815	1023	2439	2803	1169
2559	2815	1023	2640	2810	1177
2815	2815	1023	2847	2818	1187
3071	2815	1023	3059	2826	1197
3327	2815	1023	3274	2836	1209
3583	2815	1023	3493	2847	1222
3839	2815	1023	3714	2859	1235
4095	2815	1023	3937	2871	1250
0	3071	1023	1441	3029	1181
255	3071	1023	1469	3029	1181
511	3071	1023	1519	3030	1182
767	3071	1023	1597	3031	1184
1023	3071	1023	1700	3033	1186
1279	3071	1023	1827	3035	1190
1535	3071	1023	1974	3039	1194
1791	3071	1023	2138	3042	1199
2047	3071	1023	2314	3047	1205
2303	3071	1023	2501	3052	1212
2559	3071	1023	2696	3059	1220
2815	3071	1023	2898	3066	1229
3071	3071	1023	3105	3074	1239
3327	3071	1023	3317	3082	1250
3583	3071	1023	3532	3092	1262
3839	3071	1023	3750	3103	1275
4095	3071	1023	3971	3114	1290
0	3327	1023	1569	3281	1228
255	3327	1023	1595	3282	1228
511	3327	1023	1640	3282	1229
767	3327	1023	1711	3283	1231
1023	3327	1023	1807	3285	1233
1279	3327	1023	1925	3287	1236
1535	3327	1023	2063	3290	1240
1791	3327	1023	2219	3294	1245
2047	3327	1023	2388	3298	1251
2303	3327	1023	2568	3303	1258
2559	3327	1023	2757	3308	1265
2815	3327	1023	2954	3315	1274
3071	3327	1023	3156	3322	1283
3327	3327	1023	3364	3330	1294
3583	3327	1023	3575	3338	1306
3839	3327	1023	3790	3348	1318
4095	3327	1023	4008	3358	1332
0	3583	1023	1697	3534	1277
255	3583	1023	1721	3534	1278
511	3583	1023	1762	3535	1279
767	3583	1023	1827	3536	1280
1023	3583	1023	1916	3537	1283
1279	3583	1023	2026	3539	1286
1535	3583	1023	2157	3542	1289
1791	3583	1023	2304	3545	1294
2047	3583	1023	2466	3549	1299
2303	3583	1023	2639	3553	1306
2559	3583	1023	2822	3558	1313
2815	3583	1023	3013	3564	1321
3071	3583	1023	3211	3571	1331
3327	3583	1023	3414	3578	1341
3583	3583	1023	3622	3586	1352
3839	3583	1023	3834	3594	1364
4095	3583	1023	4048	3604	1377
0	3839	1023	1826	3786	1329
255	3839	1023	1848	3787	1330
511	3839	1023	1885	3787	1331
767	3839	1023	1945	3788	1332
1023	3839	1023	2027	3790	1334
1279	3839	1023	2131	3791	1337
1535	3839	1023	2254	3794	1341
1791	3839	1023	2394	3797	1345
2047	3839	1023	2548	3800	1350
2303	3839	1023	2715	3804	1357
2559	3839	1023	2892	3809	1363
2815	3839	1023	3077	3814	1371
3071	3839	1023	3270	3820	1380
3327	3839	1023	3469	3827	1390
3583	3839	1023	3673	3834	1401
3839	3839	1023	3880	3842	1412
4095	3839	1023	4092	3851	1425
0	4095	1023	1955	4039	1383
255	4095	1023	1974	4039	1384
511	4095	1023	2009	4040	1385
767	4095	1023	2065	4041	1386
1023	4095	1023	2141	4042	1388
1279	4095	1023	2238	4044	1391
1535	4095	1023	2354	4046	1394
1791	4095	1023	2487	4048	1399
2047	4095	1023	2634	4052	1404
2303	4095	1023	2794	4055	1409
2559	4095	1023	2965	4060	1416
2815	4095	1023	3145	4064	1424
3071	4095	1023	3333	4070	1432
3327	4095	1023	3527	4076	1441
3583	4095	1023	3727	4083	1452
3839	4095	1023	3931	4090	1463
4095	4095	1023	4095	4055	1459
0	0	1279	67	20	1127
255	0	1279	271	29	1128
511	0	1279	486	45	1129
767	0	1279	713	71	1131
1023	0	1279	945	108	1133
1279	0	1279	1178	157	1137
1535	0	1279	1413	214	1141
1791	0	1279	1649	273	1146
2047	0	1279	1884	332	1153
2303	0	1279	2121	392	1160
2559	0	1279	2357	452	1169
2815	0	1279	2593	513	1178
3071	0	1279	2830	573	1189
3327	0	1279	3066	634	1200
3583	0	1279	3303	695	1213
3839	0	1279	3540	756	1227
4095	0	1279	3777	817	1242
0	255	1279	120	264	1130
255	255	1279	306	270	1130
511	255	1279	508	281	1131
767	255	1279	728	298	1133
1023	255	1279	956	322	1136
1279	255	1279	1187	351	1139
1535	255	1279	1420	385	1144
1791	255	1279	1654	424	1149
2047	255	1279	1889	466	1155
2303	255	1279	2125	512	1163
2559	255	1279	2361	560	1171
2815	255	1279	2597	610	1180
3071	255	1279	2833	661	1191
3327	255	1279	3069	714	1203
3583	255	1279	3305	768	1215
3839	255	1279	3542	824	1229
4095	255	1279	3779	879	1244
0	511	1279	209	510	1134
255	511	1279	361	513	1135
511	511	1279	545	520	1136
767	511	1279	754	530	1138
1023	511	1279	975	544	1140
1279	511	1279	1202	563	1144
1535	511	1279	1432	585	1148
1791	511	1279	1665	612	1153
2047	511	1279	1898	642	1160
2303	511	1279	2132	676	1167
2559	511	1279	2367	713	1175
2815	511	1279	2602	752	1185
3071	511	1279	2838	794	1195
3327	511	1279	3074	838	1207
3583	511	1279	3310	884	1219
3839	511	1279	3546	932	1233
4095	511	1279	3782	981	1248
0	767	1279	319	759	1142
255	767	1279	439	762	1142
511	767	1279	600	766	1143
767	767	1279	794	773	1145
1023	767	1279	1006	783	1148
1279	767	1279	1226	795	1151
1535	767	1279	1452	811	1155
1791	767	1279	1681	830	1161
2047	767	1279	1912	853	1167
2303	767	1279	2144	878	1174
2559	767	1279	2378	906	1182
2815	767	1279	2612	936	1192
3071	767	1279	2846	970	1202
3327	767	1279	3081	1005	1214
3583	767	1279	3317	1043	1226
3839	767	1279	3552	1083	1240
4095	767	1279	3788	1125	1255
0	1023	1279	436	1011	1152
255	1023	1279	533	1012	1153
511	1023	1279	671	1015	1154
767	1023	1279	849	1020	1155
1023	1023	1279	1048	1028	1158
1279	1023	1279	1260	1037	1161
1535	1023	1279	1480	1049	1166
1791	1023	1279	1704	1063	1171
2047	1023	1279	1932	1080	1177
2303	1023	1279	2162	1099	1184
2559	1023	1279	2393	1121	1192
2815	1023	1279	2625	1146	1202
3071	1023	1279	2858	1172	1212
3327	1023	1279	3092	1201	1223
3583	1023	1279	3326	1232	1236
3839	1023	1279	3561	1265	1249
4095	1023	1279	3796	1300	1264
0	1279	1279	558	1262	1166
255	1279	1279	636	1264	1166
511	1279	1279	756	1266	1167
767	1279	1279	916	1270	1169
1023	1279	1279	1102	1276	1172
1279	1279	1279	1304	1283	1175
1535	1279	1279	1516	1292	1179
1791	1279	1279	1735	1303	1184
2047	1279	1279	1958	1317	1190
2303	1279	1279	2184	1332	1197
2559	1279	1279	2413	1350	1206
2815	1279	1279	2643	1369	1215
3071	1279	1279	2874	1391	1225
3327	1279	1279	3106	1414	1236
3583	1279	1279	3340	1440	1248
3839	1279	1279	3573	1467	1262
4095	1279	1279	3807	1497	1276
0	1535	1279	682	1514	1183
255	1535	1279	747	1515	1183
511	1535	1279	850	1517	1184
767	1535	1279	993	1521	1186
1023	1535	1279	1165	1525	1189
1279	1535	1279	1356	1531	1192
1535	1535	1279	1560	1538	1196
1791	1535	1279	1772	1548	1201
2047	1535	1279	1990	1558	1207
2303	1535	1279	2213	1571	1214
2559	1535	1279	2438	1585	1222
2815	1535	1279	2665	1601	1231
3071	1535	1279	2894	1619	1241
3327	1535	1279	3125	1639	1252
3583	1535	1279	3356	1660	1264
3839	1535	1279	3588	1684	1277
4095	1535	1279	3821	1708	1292
0	1791	1279	807	1767	1203
255	1791	1279	862	1768	1204
511	1791	1279	952	1769	1205
767	1791	1279	1080	1772	1207
1023	1791	1279	1238	1775	1209
1279	1791	1279	1418	1780	1212
1535	1791	1279	1613	1787	1216
1791	1791	1279	1817	1794	1221
2047	1791	1279	2029	1803	1227
2303	1791	1279	2247	1814	1234
2559	1791	1279	2468	1826	1242
2815	1791	1279	2692	1839	1251
3071	1791	1279	2919	1854	1261
3327	1791	1279	3147	1871	1272
3583	1791	1279	3376	1889	1283
3839	1791	1279	3607	1909	1296
4095	1791	1279	3838	1930	1310
0	2047	1279	934	2019	1228
255	2047	1279	981	2020	1228
511	2047	1279	1059	2021	1229
767	2047	1279	1174	2023	1231
1023	2047	1279	1320	2026	1233
1279	2047	1279	1488	2031	1236
1535	2047	1279	1672	2036	1240
1791	2047	1279	1869	2042	1245
2047	2047	1279	2075	2050	1251
2303	2047	1279	2287	2059	1258
2559	2047	1279	2504	2069	1265
2815	2047	1279	2724	2081	1274
3071	2047	1279	2947	2094	1284
3327	2047	1279	3173	2108	1294
3583	2047	1279	3400	2124	1306
3839	2047	1279	3628	2141	1318
4095	2047	1279	3858	2159	1332
0	2303	1279	1061	2271	1255
255	2303	1279	1102	2272	1256
511	2303	1279	1171	2273	1257
767	2303	1279	1274	2275	1258
1023	2303	1279	1408	2278	1261
1279	2303	1279	1564	2281	1264
1535	2303	1279	1739	2286	1268
1791	2303	1279	1928	2292	1272
2047	2303	1279	2126	2298	1278
2303	2303	1279	2333	2306	1284
2559	2303	1279	2544	2315	1292
2815	2303	1279	2761	2325	1300
3071	2303	1279	2980	2336	1310
3327	2303	1279	3203	2349	1320
3583	2303	1279	3427	2362	1331
3839	2303	1279	3654	2377	1344
4095	2303	1279	3881	2393	1357
0	2559	1279	1188	2524	1286
255	2559	1279	1224	2524	1287
511	2559	1279	1286	2525	1288
767	2559	1279	1379	2527	1289
1023	2559	1279	1501	2529	1291
1279	2559	1279	1648	2533	1294
1535	2559	1279	1813	2537	1298
1791	2559	1279	1993	2541	1303
2047	2559	1279	2184	2547	1308
2303	2559	1279	2384	2554	1314
2559	2559	1279	2590	2562	1322
2815	2559	1279	2802	2571	1330
3071	2559	1279	3018	2581	1339
3327	2559	1279	3237	2592	1349
3583	2559	1279	3459	2604	1360
3839	2559	1279	3683	2617	1372
4095	2559	1279	3908	2631	1385
0	2815	1279	1316	2776	1320
255	2815	1279	1348	2777	1321
511	2815	1279	1403	2778	1322
767	2815	1279	1488	2779	1323
1023	2815	1279	1600	2781	1325
1279	2815	1279	1736	2784	1328
1535	2815	1279	1892	2788	1332
1791	2815	1279	2063	2792	1336
2047	2815	1279	2247	2797	1342
2303	2815	1279	2441	2803	1348
2559	2815	1279	2642	2810	1355
2815	2815	1279	2849	2818	1363
3071	2815	1279	3060	2827	1372
3327	2815	1279	3276	2836	1381
3583	2815	1279	3494	2847	1392
3839	2815	1279	3715	2859	1404
4095	2815	1279	3938	2872	1417
0	3071	1279	1444	3029	1357
255	3071	1279	1472	3029	1358
511	3071	1279	1522	3030	1359
767	3071	1279	1599	3031	1360
1023	3071	1279	1703	3033	1362
1279	3071	1279	1830	3036	1365
1535	3071	1279	1976	3039	1369
1791	3071	1279	2139	3043	1373
2047	3071	1279	2316	3047	1378
2303	3071	1279	2502	3053	1384
2559	3071	1279	2698	3059	1391
2815	3071	1279	2899	3066	1399
3071	3071	1279	3107	3074	1407
3327	3071	1279	3318	3083	1417
3583	3071	1279	3533	3092	1427
3839	3071	1279	3751	3103	1439
4095	3071	1279	3972	3114	1451
0	3327	1279	1572	3281	1397
255	3327	1279	1598	3282	1398
511	3327	1279	1643	3283	1399
767	3327	1279	1713	3284	1400
1023	3327	1279	1809	3285	1402
1279	3327	1279	1927	3288	1405
1535	3327	1279	2065	3291	1408
1791	3327	1279	2220	3294	1412
2047	3327	1279	2389	3298	1417
2303	3327	1279	2569	3303	1423
2559	3327	1279	2758	3309	1430
2815	3327	1279	2955	3315	1437
3071	3327	1279	3157	3322	1446
3327	3327	1279	3365	3330	1455
3583	3327	1279	3576	3339	1465
3839	3327	1279	3791	3348	1476
4095	3327	1279	4009	3359	1488
0	3583	1279	1700	3534	1440
255	3583	1279	1724	3534	1441
511	3583	1279	1765	3535	1441
767	3583	1279	1830	3536	1443
1023	3583	1279	1918	3538	1445
1279	3583	1279	2028	3540	1447
1535	3583	1279	2159	3542	1451
1791	3583	1279	2306	3545	1455
2047	3583	1279	2467	3549	1459
2303	3583	1279	2641	3554	1465
2559	3583	1279	2824	3559	1471
2815	3583	1279	3015	3564	1479
3071	3583	1279	3212	3571	1487
3327	3583	1279	3415	3578	1496
3583	3583	1279	3623	3586	1505
3839	3583	1279	3834	3595	1516
4095	3583	1279	4049	3604	1528
0	3839	1279	1828	3787	1485
255	3839	1279	1850	3787	1486
511	3839	1279	1888	3788	1487
767	3839	1279	1947	3788	1488
1023	3839	1279	2030	3790	1490
1279	3839	1279	2133	3792	1492
1535	3839	1279	2256	3794	1496
1791	3839	1279	2395	3797	1499
2047	3839	1279	2549	3800	1504
2303	3839	1279	2716	3804	1509
2559	3839	1279	2893	3809	1516
2815	3839	1279	3079	3814	1522
3071	3839	1279	3271	3820	1530
3327	3839	1279	3470	3827	1539
3583	3839	1279	3674	3834	1548
3839	3839	1279	3881	3842	1559
4095	3839	1279	4093	3851	1570
0	4095	1279	1957	4039	1533
255	4095	1279	1977	4039	1533
511	4095	1279	2011	4040	1534
767	4095	1279	2067	4041	1535
1023	4095	1279	2143	4042	1537
1279	4095	1279	2240	4044	1540
1535	4095	1279	2356	4046	1543
1791	4095	1279	2488	4049	1546
2047	4095	1279	2636	4052	1551
2303	4095	1279	2796	4056	1556
2559	4095	1279	2967	4060	1562
2815	4095	1279	3146	4065	1569
3071	4095	1279	3334	4070	1576
3327	4095	1279	3528	4076	1585
3583	4095	1279	3728	4083	1594
3839	4095	1279	3932	4090	1604
4095	4095	1279	4095	4054	1597
0	0	1535	98	29	1357
255	0	1535	292	38	1358
511	0	1535	499	54	1359
767	0	1535	722	80	1360
1023	0	1535	951	117	1362
1279	0	1535	1183	166	1365
1535	0	1535	1417	222	1369
1791	0	1535	1652	279	1373
2047	0	1535	1887	338	1378
2303	0	1535	2123	397	1384
2559	0	1535	2359	456	1391
2815	0	1535	2595	516	1398
3071	0	1535	2832	576	1407
3327	0	1535	3068	637	1417
3583	0	1535	3305	697	1427
3839	0	1535	3541	758	1439
4095	0	1535	3778	819	1451
0	255	1535	151	270	1359
255	255	1535	325	276	1360
511	255	1535	520	287	1361
767	255	1535	737	304	1362
1023	255	1535	962	327	1364
1279	255	1535	1192	356	1367
1535	255	1535	1424	390	1371
1791	255	1535	1658	428	1375
2047	255	1535	1892	470	1380
2303	255	1535	2127	516	1386
2559	255	1535	2363	563	1393
2815	255	1535	2598	613	1400
3071	255	1535	2834	664	1409
3327	255	1535	3071	717	1419
3583	255	1535	3307	771	1429
3839	255	1535	3543	826	1440
4095	255	1535	3780	882	1453
0	511	1535	234	513	1363
255	511	1535	378	517	1363
511	511	1535	556	523	1364
767	511	1535	762	533	1366
1023	511	1535	981	548	1368
1279	511	1535	1207	566	1371
1535	511	1535	1436	588	1374
1791	511	1535	1668	615	1378
2047	511	1535	1901	645	1384
2303	511	1535	2135	679	1389
2559	511	1535	2369	715	1396
2815	511	1535	2604	755	1404
3071	511	1535	2840	796	1413
3327	511	1535	3075	840	1422
3583	511	1535	3311	886	1432
3839	511	1535	3547	934	1444
4095	511	1535	3783	983	1456
0	767	1535	337	762	1369
255	767	1535	453	764	1369
511	767	1535	610	769	1370
767	767	1535	802	775	1372
1023	767	1535	1012	785	1374
1279	767	1535	1231	798	1377
1535	767	1535	1456	814	1380
1791	767	1535	1684	833	1384
2047	767	1535	1915	855	1389
2303	767	1535	2147	880	1395
2559	767	1535	2380	908	1402
2815	767	1535	2614	938	1410
3071	767	1535	2848	972	1418
3327	767	1535	3083	1007	1428
3583	767	1535	3318	1045	1438
3839	767	1535	3553	1085	1449
4095	767	1535	3789	1126	1462
0	1023	1535	451	1012	1377
255	1023	1535	544	1014	1378
511	1023	1535	681	1017	1379
767	1023	1535	856	1022	1380
1023	1023	1535	1054	1029	1382
1279	1023	1535	1265	1039	1385
1535	1023	1535	1484	1051	1388
1791	1023	1535	1707	1065	1393
2047	1023	1535	1935	1082	1398
2303	1023	1535	2164	1101	1403
2559	1023	1535	2395	1123	1410
2815	1023	1535	2627	1147	1418
3071	1023	1535	2860	1174	1426
3327	1023	1535	3094	1202	1436
3583	1023	1535	3328	1233	1446
3839	1023	1535	3562	1266	1457
4095	1023	1535	3797	1301	1469
0	1279	1535	569	1264	1388
255	1279	1535	646	1265	1389
511	1279	1535	764	1267	1390
767	1279	1535	922	1271	1391
1023	1279	1535	1107	1277	1393
1279	1279	1535	1308	1284	1396
1535	1279	1535	1520	1294	1399
1791	1279	1535	1738	1305	1404
2047	1279	1535	1961	1318	1409
2303	1279	1535	2187	1333	1414
2559	1279	1535	2415	1351	1421
2815	1279	1535	2645	1370	1429
3071	1279	1535	2876	1392	1437
3327	1279	1535	3108	1415	1446
3583	1279	1535	3341	1441	1456
3839	1279	1535	3574	1468	1468
4095	1279	1535	3808	1498	1480
0	1535	1535	691	1516	1402
255	1535	1535	755	1517	1403
511	1535	1535	857	1519	1404
767	1535	1535	1000	1522	1405
1023	1535	1535	1171	1526	1407
1279	1535	1535	1361	1532	1410
1535	1535	1535	1564	1540	1413
1791	1535	1535	1776	1549	1417
2047	1535	1535	1993	1559	1422
2303	1535	1535	2215	1572	1428
2559	1535	1535	2440	1586	1435
2815	1535	1535	2667	1602	1442
3071	1535	1535	2896	1620	1450
3327	1535	1535	3126	1640	1460
3583	1535	1535	3357	1661	1470
3839	1535	1535	3589	1684	1481
4095	1535	1535	3822	1709	1493
0	1791	1535	815	1768	1419
255	1791	1535	870	1768	1420
511	1791	1535	958	1770	1421
767	1791	1535	1086	1773	1422
1023	1791	1535	1243	1776	1424
1279	1791	1535	1422	1781	1427
1535	1791	1535	1616	1787	1430
1791	1791	1535	1820	1795	1434
2047	1791	1535	2032	1804	1439
2303	1791	1535	2249	1815	1445
2559	1791	1535	2470	1827	1451
2815	1791	1535	2694	1840	1458
3071	1791	1535	2920	1855	1467
3327	1791	1535	3148	1872	1476
3583	1791	1535	3377	1890	1486
3839	1791	1535	3608	1910	1497
4095	1791	1535	3839	1931	1508
0	2047	1535	940	2020	1439
255	2047	1535	987	2021	1440
511	2047	1535	1065	2022	1440
767	2047	1535	1179	2024	1442
1023	2047	1535	1324	2027	1444
1279	2047	1535	1491	2031	1446
1535	2047	1535	1676	2037	1450
1791	2047	1535	1872	2043	1454
2047	2047	1535	2077	2051	1458
2303	2047	1535	2289	2060	1464
2559	2047	1535	2506	2070	1470
2815	2047	1535	2726	2082	1478
3071	2047	1535	2949	2095	1486
3327	2047	1535	3174	2109	1495
3583	2047	1535	3401	2125	1504
3839	2047	1535	3630	2142	1515
4095	2047	1535	3859	2160	1527
0	2303	1535	1066	2272	1462
255	2303	1535	1107	2273	1463
511	2303	1535	1176	2274	1463
767	2303	1535	1279	2276	1465
1023	2303	1535	1412	2278	1467
1279	2303	1535	1568	2282	1469
1535	2303	1535	1743	2287	1472
1791	2303	1535	1931	2292	1476
2047	2303	1535	2129	2299	1481
2303	2303	1535	2335	2307	1486
2559	2303	1535	2546	2315	1493
2815	2303	1535	2763	2326	1500
3071	2303	1535	2982	2337	1508
3327	2303	1535	3204	2349	1517
3583	2303	1535	3429	2363	1526
3839	2303	1535	3655	2378	1537
4095	2303	1535	3883	2394	1548
0	2559	1535	1193	2524	1488
255	2559	1535	1229	2525	1488
511	2559	1535	1290	2526	1489
767	2559	1535	1383	2528	1490
1023	2559	1535	1505	2530	1492
1279	2559	1535	1651	2533	1495
1535	2559	1535	1816	2537	1498
1791	2559	1535	1995	2542	1502
2047	2559	1535	2186	2548	1506
2303	2559	1535	2386	2555	1512
2559	2559	1535	2592	2562	1518
2815	2559	1535	2804	2571	1525
3071	2559	1535	3020	2581	1533
3327	2559	1535	3239	2592	1541
3583	2559	1535	3460	2604	1551
3839	2559	1535	3684	2617	1561
4095	2559	1535	3909	2632	1572
0	2815	1535	1320	2777	1517
255	2815	1535	1352	2777	1517
511	2815	1535	1407	2778	1518
767	2815	1535	1491	2780	1519
1023	2815	1535	1603	2782	1521
1279	2815	1535	1739	2785	1523
1535	2815	1535	1895	2788	1526
1791	2815	1535	2066	2792	1530
2047	2815	1535	2249	2798	1535
2303	2815	1535	2443	2804	1540
2559	2815	1535	2643	2811	1546
2815	2815	1535	2850	2818	1553
3071	2815	1535	3062	2827	1560
3327	2815	1535	3277	2837	1569
3583	2815	1535	3495	2848	1578
3839	2815	1535	3716	2859	1588
4095	2815	1535	3939	2872	1599
0	3071	1535	1448	3029	1548
255	3071	1535	1476	3030	1549
511	3071	1535	1526	3031	1549
767	3071	1535	1603	3032	1551
1023	3071	1535	1706	3034	1552
1279	3071	1535	1833	3036	1555
1535	3071	1535	1979	3039	1558
1791	3071	1535	2142	3043	1561
2047	3071	1535	2318	3048	1566
2303	3071	1535	2504	3053	1571
2559	3071	1535	2699	3059	1577
2815	3071	1535	2901	3067	1583
3071	3071	1535	3108	3074	1591
3327	3071	1535	3320	3083	1599
3583	3071	1535	3535	3093	1608
3839	3071	1535	3752	3103	1618
4095	3071	1535	3973	3115	1629
0	3327	1535	1575	3282	1582
255	3327	1535	1601	3282	1583
511	3327	1535	1646	3283	1584
767	3327	1535	1717	3284	1585
1023	3327	1535	1812	3286	1587
1279	3327	1535	1930	3288	1589
1535	3327	1535	2068	3291	1592
1791	3327	1535	2223	3294	1595
2047	3327	1535	2391	3299	1600
2303	3327	1535	2571	3303	1605
2559	3327	1535	2760	3309	1610
2815	3327	1535	2956	3315	1617
3071	3327	1535	3159	3322	1624
3327	3327	1535	3366	3330	1632
3583	3327	1535	3578	3339	1641
3839	3327	1535	3792	3349	1651
4095	3327	1535	4010	3359	1661
0	3583	1535	1703	3534	1619
255	3583	1535	1727	3535	1620
511	3583	1535	1768	3535	1621
767	3583	1535	1833	3536	1622
1023	3583	1535	1921	3538	1623
1279	3583	1535	2031	3540	1626
1535	3583	1535	2161	3543	1628
1791	3583	1535	2308	3546	1632
2047	3583	1535	2469	3550	1636
2303	3583	1535	2642	3554	1641
2559	3583	1535	2825	3559	1647
2815	3583	1535	3016	3565	1653
3071	3583	1535	3214	3571	1660
3327	3583	1535	3417	3578	1668
3583	3583	1535	3624	3586	1676
3839	3583	1535	3836	3595	1686
4095	3583	1535	4050	3605	1696
0	3839	1535	1831	3787	1659
255	3839	1535	1853	3787	1659
511	3839	1535	1891	3788	1660
767	3839	1535	1950	3789	1661
1023	3839	1535	2032	3790	1663
1279	3839	1535	2135	3792	1665
1535	3839	1535	2258	3794	1668
1791	3839	1535	2397	3797	1671
2047	3839	1535	2551	3801	1675
2303	3839	1535	2718	3805	1680
2559	3839	1535	2895	3809	1685
2815	3839	1535	3080	3815	1691
3071	3839	1535	3273	3821	1698
3327	3839	1535	3471	3827	1706
3583	3839	1535	3675	3835	1714
3839	3839	1535	3882	3842	1723
4095	3839	1535	4094	3851	1733
0	4095	1535	1959	4039	1701
255	4095	1535	1979	4040	1701
511	4095	1535	2014	4040	1702
767	4095	1535	2069	4041	1703
1023	4095	1535	2146	4043	1704
1279	4095	1535	2242	4044	1706
1535	4095	1535	2358	4046	1709
1791	4095	1535	2490	4049	1712
2047	4095	1535	2637	4052	1716
2303	4095	1535	2797	4056	1721
2559	4095	1535	2968	4060	1726
2815	4095	1535	3148	4065	1732
3071	4095	1535	3335	4070	1739
3327	4095	1535	3529	4077	1746
3583	4095	1535	3729	4083	1754
3839	4095	1535	3933	4091	1763
4095	4095	1535	4095	4053	1753
0	0	1791	136	41	1587
255	0	1791	316	50	1588
511	0	1791	514	65	1589
767	0	1791	733	91	1590
1023	0	1791	959	128	1592
1279	0	1791	1190	177	1594
1535	0	1791	1422	231	1597
1791	0	1791	1656	287	1600
2047	0	1791	1891	344	1605
2303	0	1791	2126	403	1610
2559	0	1791	2362	461	1615
2815	0	1791	2598	521	1622
3071	0	1791	2834	580	1629
3327	0	1791	3070	640	1637
3583	0	1791	3306	701	1646
3839	0	1791	3543	761	1655
4095	0	1791	3779	822	1666
0	255	1791	187	278	1589
255	255	1791	347	284	1590
511	255	1791	535	295	1590
767	255	1791	747	311	1591
1023	255	1791	970	334	1593
1279	255	1791	1198	362	1596
1535	255	1791	1429	396	1598
1791	255	1791	1662	434	1602
2047	255	1791	1896	475	1606
2303	255	1791	2130	520	1611
2559	255	1791	2365	567	1617
2815	255	1791	2601	617	1623
3071	255	1791	2837	668	1631
3327	255	1791	3072	720	1639
3583	255	1791	3309	774	1647
3839	255	1791	3545	829	1657
4095	255	1791	3781	884	1667
0	511	1791	263	518	1592
255	511	1791	398	521	1593
511	511	1791	570	528	1593
767	511	1791	772	538	1594
1023	511	1791	989	552	1596
1279	511	1791	1213	570	1599
1535	511	1791	1441	592	1601
1791	511	1791	1672	619	1605
2047	511	1791	1904	649	1609
2303	511	1791	2138	682	1614
2559	511	1791	2372	719	1620
2815	511	1791	2607	758	1626
3071	511	1791	2842	799	1633
3327	511	1791	3077	843	1641
3583	511	1791	3313	889	1650
3839	511	1791	3549	936	1660
4095	511	1791	3785	985	1670
0	767	1791	359	765	1597
255	767	1791	470	767	1597
511	767	1791	623	772	1598
767	767	1791	812	778	1599
1023	767	1791	1019	788	1601
1279	767	1791	1237	801	1603
1535	767	1791	1461	816	1606
1791	767	1791	1688	835	1610
2047	767	1791	1918	857	1614
2303	767	1791	2150	882	1619
2559	767	1791	2382	910	1625
2815	767	1791	2616	941	1631
3071	767	1791	2850	974	1638
3327	767	1791	3085	1009	1646
3583	767	1791	3320	1047	1655
3839	767	1791	3555	1087	1664
4095	767	1791	3790	1128	1675
0	1023	1791	468	1015	1604
255	1023	1791	559	1016	1604
511	1023	1791	692	1019	1605
767	1023	1791	865	1024	1606
1023	1023	1791	1061	1032	1608
1279	1023	1791	1271	1041	1610
1535	1023	1791	1488	1053	1613
1791	1023	1791	1711	1067	1617
2047	1023	1791	1938	1084	1621
2303	1023	1791	2167	1103	1626
2559	1023	1791	2397	1125	1631
2815	1023	1791	2629	1149	1638
3071	1023	1791	2862	1175	1645
3327	1023	1791	3096	1204	1653
3583	1023	1791	3330	1235	1662
3839	1023	1791	3564	1268	1671
4095	1023	1791	3799	1303	1681
0	1279	1791	583	1265	1613
255	1279	1791	658	1267	1614
511	1279	1791	774	1269	1614
767	1279	1791	931	1273	1616
1023	1279	1791	1114	1279	1617
1279	1279	1791	1314	1286	1620
1535	1279	1791	1524	1295	1622
1791	1279	1791	1742	1306	1626
2047	1279	1791	1964	1320	1630
2303	1279	1791	2190	1335	1635
2559	1279	1791	2417	1352	1641
2815	1279	1791	2647	1372	1647
3071	1279	1791	2878	1393	1654
3327	1279	1791	3110	1417	1662
3583	1279	1791	3343	1442	1670
3839	1279	1791	3576	1470	1680
4095	1279	1791	3810	1499	1690
0	1535	1791	703	1517	1625
255	1535	1791	766	1518	1625
511	1535	1791	866	1520	1626
767	1535	1791	1007	1523	1627
1023	1535	1791	1177	1527	1629
1279	1535	1791	1366	1533	1631
1535	1535	1791	1568	1541	1634
1791	1535	1791	1779	1550	1637
2047	1535	1791	1996	1561	1642
2303	1535	1791	2218	1573	1646
2559	1535	1791	2442	1588	1652
2815	1535	1791	2669	1604	1658
3071	1535	1791	2898	1622	1665
3327	1535	1791	3128	1641	1673
3583	1535	1791	3359	1663	1682
3839	1535	1791	3591	1686	1691
4095	1535	1791	3824	1710	1701
0	1791	1791	825	1769	1639
255	1791	1791	878	1770	1640
511	1791	1791	966	1771	1640
767	1791	1791	1093	1774	1641
1023	1791	1791	1249	1777	1643
1279	1791	1791	1427	1782	1645
1535	1791	1791	1620	1789	1648
1791	1791	1791	1824	1796	1651
2047	1791	1791	2035	1805	1656
2303	1791	1791	2252	1816	1660
2559	1791	1791	2473	1828	1666
2815	1791	1791	2696	1841	1672
3071	1791	1791	2922	1856	1679
3327	1791	1791	3150	1873	1687
3583	1791	1791	3379	1891	1695
3839	1791	1791	3609	1911	1704
4095	1791	1791	3841	1932	1714
0	2047	1791	948	2021	1656
255	2047	1791	995	2021	1656
511	2047	1791	1072	2023	1657
767	2047	1791	1186	2025	1658
1023	2047	1791	1329	2028	1660
1279	2047	1791	1496	2032	1662
1535	2047	1791	1680	2038	1665
1791	2047	1791	1876	2044	1668
2047	2047	1791	2080	2052	1672
2303	2047	1791	2292	2061	1677
2559	2047	1791	2508	2071	1682
2815	2047	1791	2728	2083	1688
3071	2047	1791	2951	2095	1695
3327	2047	1791	3176	2110	1703
3583	2047	1791	3403	2125	1711
3839	2047	1791	3631	2142	1720
4095	2047	1791	3861	2161	1730
0	2303	1791	1073	2273	1675
255	2303	1791	1114	2274	1676
511	2303	1791	1182	2275	1676
767	2303	1791	1285	2277	1677
1023	2303	1791	1417	2279	1679
1279	2303	1791	1572	2283	1681
1535	2303	1791	1746	2287	1684
1791	2303	1791	1934	2293	1687
2047	2303	1791	2132	2300	1691
2303	2303	1791	2337	2307	1696
2559	2303	1791	2549	2316	1701
2815	2303	1791	2765	2326	1707
3071	2303	1791	2984	2338	1714
3327	2303	1791	3206	2350	1722
3583	2303	1791	3430	2364	1730
3839	2303	1791	3656	2379	1739
4095	2303	1791	3884	2395	1749
0	2559	1791	1199	2525	1697
255	2559	1791	1235	2526	1697
511	2559	1791	1296	2527	1698
767	2559	1791	1388	2528	1699
1023	2559	1791	1510	2531	1701
1279	2559	1791	1655	2534	1703
1535	2559	1791	1819	2538	1706
1791	2559	1791	1999	2543	1709
2047	2559	1791	2189	2549	1713
2303	2559	1791	2389	2555	1717
2559	2559	1791	2595	2563	1723
2815	2559	1791	2806	2572	1729
3071	2559	1791	3022	2582	1735
3327	2559	1791	3240	2593	1743
3583	2559	1791	3462	2605	1751
3839	2559	1791	3685	2618	1760
4095	2559	1791	3911	2632	1769
0	2815	1791	1326	2778	1722
255	2815	1791	1357	2778	1722
511	2815	1791	1412	2779	1723
767	2815	1791	1496	2780	1724
1023	2815	1791	1608	2782	1725
1279	2815	1791	1743	2785	1727
1535	2815	1791	1898	2789	1730
1791	2815	1791	2069	2793	1733
2047	2815	1791	2252	2798	1737
2303	2815	1791	2445	2804	1742
2559	2815	1791	2646	2811	1747
2815	2815	1791	2852	2819	1753
3071	2815	1791	3064	2828	1759
3327	2815	1791	3279	2838	1766
3583	2815	1791	3497	2848	1774
3839	2815	1791	3718	2860	1783
4095	2815	1791	3941	2873	1793
0	3071	1791	1453	3030	1749
255	3071	1791	1481	3030	1749
511	3071	1791	1530	3031	1750
767	3071	1791	1607	3032	1751
1023	3071	1791	1710	3034	1752
1279	3071	1791	1836	3037	1754
1535	3071	1791	1982	3040	1757
1791	3071	1791	2145	3044	1760
2047	3071	1791	2321	3048	1764
2303	3071	1791	2507	3054	1768
2559	3071	1791	2702	3060	1773
2815	3071	1791	2903	3067	1779
3071	3071	1791	3110	3075	1786
3327	3071	1791	3321	3084	1793
3583	3071	1791	3536	3093	1801
3839	3071	1791	3754	3104	1809
4095	3071	1791	3974	3115	1818
0	3327	1791	1580	3282	1778
255	3327	1791	1606	3283	1779
511	3327	1791	1650	3283	1779
767	3327	1791	1721	3285	1780
1023	3327	1791	1816	3286	1782
1279	3327	1791	1933	3289	1784
1535	3327	1791	2071	3291	1786
1791	3327	1791	2226	3295	1790
2047	3327	1791	2394	3299	1793
2303	3327	1791	2574	3304	1798
2559	3327	1791	2762	3310	1802
2815	3327	1791	2958	3316	1808
3071	3327	1791	3161	3323	1814
3327	3327	1791	3368	3331	1821
3583	3327	1791	3579	3340	1829
3839	3327	1791	3794	3349	1838
4095	3327	1791	4011	3360	1847
0	3583	1791	1707	3535	1810
255	3583	1791	1731	3535	1811
511	3583	1791	1772	3536	1811
767	3583	1791	1836	3537	1812
1023	3583	1791	1924	3538	1814
1279	3583	1791	2034	3540	1816
1535	3583	1791	2164	3543	1818
1791	3583	1791	2311	3546	1821
2047	3583	1791	2472	3550	1825
2303	3583	1791	2645	3554	1829
2559	3583	1791	2827	3560	1834
2815	3583	1791	3018	3565	1840
3071	3583	1791	3216	3572	1846
3327	3583	1791	3418	3579	1853
3583	3583	1791	3626	3587	1860
3839	3583	1791	3837	3596	1868
4095	3583	1791	4051	3605	1877
0	3839	1791	1835	3787	1845
255	3839	1791	1856	3788	1845
511	3839	1791	1894	3788	1846
767	3839	1791	1954	3789	1847
1023	3839	1791	2035	3791	1848
1279	3839	1791	2138	3793	1850
1535	3839	1791	2261	3795	1852
1791	3839	1791	2400	3798	1855
2047	3839	1791	2554	3801	1859
2303	3839	1791	2720	3805	1863
2559	3839	1791	2897	3810	1868
2815	3839	1791	3082	3815	1873
3071	3839	1791	3274	3821	1879
3327	3839	1791	3473	3828	1886
3583	3839	1791	3676	3835	1893
3839	3839	1791	3884	3843	1901
4095	3839	1791	4095	3852	1910
0	4095	1791	1963	4040	1881
255	4095	1791	1983	4040	1882
511	4095	1791	2017	4041	1882
767	4095	1791	2072	4042	1883
1023	4095	1791	2149	4043	1885
1279	4095	1791	2245	4045	1887
1535	4095	1791	2360	4047	1889
1791	4095	1791	2493	4049	1892
2047	4095	1791	2640	4053	1895
2303	4095	1791	2800	4056	1899
2559	4095	1791	2970	4061	1904
2815	4095	1791	3150	4065	1909
3071	4095	1791	3337	4071	1915
3327	4095	1791	3531	4077	1922
3583	4095	1791	3730	4084	1929
3839	4095	1791	3934	4091	1937
4095	4095	1791	4095	4052	1923
0	0	2047	181	54	1818
255	0	2047	343	63	1818
511	0	2047	532	79	1819
767	0	2047	745	105	1820
1023	0	2047	969	142	1821
1279	0	2047	1197	190	1823
1535	0	2047	1428	242	1825
1791	0	2047	1661	296	1829
2047	0	2047	1895	352	1832
2303	0	2047	2130	409	1836
2559	0	2047	2365	467	1841
2815	0	2047	2600	526	1847
3071	0	2047	2836	585	1853
3327	0	2047	3072	645	1860
3583	0	2047	3308	705	1867
3839	0	2047	3545	765	1875
4095	0	2047	3781	825	1884
0	255	2047	226	287	1819
255	255	2047	373	293	1819
511	255	2047	552	303	1820
767	255	2047	759	320	1821
1023	255	2047	979	342	1822
1279	255	2047	1205	370	1824
1535	255	2047	1435	403	1827
1791	255	2047	1667	440	1830
2047	255	2047	1900	481	1834
2303	255	2047	2134	525	1838
2559	255	2047	2368	572	1843
2815	255	2047	2604	621	1848
3071	255	2047	2839	672	1854
3327	255	2047	3075	724	1861
3583	255	2047	3311	777	1869
3839	255	2047	3547	832	1877
4095	255	2047	3783	887	1886
0	511	2047	294	523	1822
255	511	2047	421	527	1822
511	511	2047	586	533	1823
767	511	2047	784	543	1824
1023	511	2047	998	557	1825
1279	511	2047	1220	575	1827
1535	511	2047	1447	597	1829
1791	511	2047	1677	623	1832
2047	511	2047	1908	653	1836
2303	511	2047	2141	686	1840
2559	511	2047	2375	722	1845
2815	511	2047	2609	761	1851
3071	511	2047	2844	803	1857
3327	511	2047	3079	846	1863
3583	511	2047	3315	892	1871
3839	511	2047	3551	939	1879
4095	511	2047	3786	988	1888
0	767	2047	384	769	1826
255	767	2047	490	771	1826
511	767	2047	638	775	1827
767	767	2047	823	782	1828
1023	767	2047	1028	792	1829
1279	767	2047	1244	804	1831
1535	767	2047	1467	820	1834
1791	767	2047	1693	839	1837
2047	767	2047	1922	861	1840
2303	767	2047	2153	886	1844
2559	767	2047	2386	913	1849
2815	767	2047	2619	944	1855
3071	767	2047	2853	977	1861
3327	767	2047	3087	1012	1867
3583	767	2047	3322	1050	1875
3839	767	2047	3557	1089	1883
4095	767	2047	3792	1130	1892
0	1023	2047	487	1017	1832
255	1023	2047	575	1019	1832
511	1023	2047	706	1022	1833
767	1023	2047	875	1027	1834
1023	1023	2047	1069	1034	1835
1279	1023	2047	1277	1044	1837
1535	1023	2047	1494	1055	1839
1791	1023	2047	1716	1070	1842
2047	1023	2047	1942	1086	1846
2303	1023	2047	2170	1106	1850
2559	1023	2047	2401	1127	1855
2815	1023	2047	2632	1151	1860
3071	1023	2047	2865	1178	1867
3327	1023	2047	3098	1206	1873
3583	1023	2047	3332	1237	1881
3839	1023	2047	3566	1270	1889
4095	1023	2047	3800	1305	1898
0	1279	2047	599	1268	1840
255	1279	2047	672	1269	1840
511	1279	2047	786	1271	1840
767	1279	2047	940	1275	1841
1023	1279	2047	1122	1281	1843
1279	1279	2047	1320	1288	1845
1535	1279	2047	1530	1297	1847
1791	1279	2047	1746	1308	1850
2047	1279	2047	1968	1322	1854
2303	1279	2047	2193	1337	1858
2559	1279	2047	2420	1354	1863
2815	1279	2047	2650	1374	1868
3071	1279	2047	2880	1395	1874
3327	1279	2047	3112	1419	1881
3583	1279	2047	3345	1444	1888
3839	1279	2047	3578	1472	1896
4095	1279	2047	3811	1501	1905
0	1535	2047	716	1519	1849
255	1535	2047	778	1520	1850
511	1535	2047	877	1522	1850
767	1535	2047	1016	1525	1851
1023	1535	2047	1184	1529	1853
1279	1535	2047	1372	1535	1855
1535	1535	2047	1574	1543	1857
1791	1535	2047	1784	1552	1860
2047	1535	2047	2000	1562	1864
2303	1535	2047	2221	1575	1868
2559	1535	2047	2445	1589	1872
2815	1535	2047	2672	1605	1878
3071	1535	2047	2900	1623	1884
3327	1535	2047	3130	1643	1891
3583	1535	2047	3361	1664	1898
3839	1535	2047	3593	1687	1906
4095	1535	2047	3825	1712	1915
0	1791	2047	836	1770	1862
255	1791	2047	889	1771	1862
511	1791	2047	975	1773	1862
767	1791	2047	1101	1775	1863
1023	1791	2047	1256	1779	1865
1279	1791	2047	1433	1784	1867
1535	1791	2047	1625	1790	1869
1791	1791	2047	1828	1798	1872
2047	1791	2047	2039	1807	1876
2303	1791	2047	2255	1817	1880
2559	1791	2047	2476	1829	1884
2815	1791	2047	2699	1843	1890
3071	1791	2047	2925	1858	1896
3327	1791	2047	3152	1874	1902
3583	1791	2047	3381	1892	1910
3839	1791	2047	3611	1912	1918
4095	1791	2047	3842	1933	1926
0	2047	2047	958	2022	1876
255	2047	2047	1004	2023	1876
511	2047	2047	1080	2024	1877
767	2047	2047	1193	2026	1878
1023	2047	2047	1336	2029	1879
1279	2047	2047	1502	2033	1881
1535	2047	2047	1685	2039	1883
1791	2047	2047	1880	2045	1886
2047	2047	2047	2084	2053	1890
2303	2047	2047	2295	2062	1894
2559	2047	2047	2511	2072	1898
2815	2047	2047	2731	2084	1904
3071	2047	2047	2953	2097	1910
3327	2047	2047	3178	2111	1916
3583	2047	2047	3405	2126	1923
3839	2047	2047	3633	2144	1931
4095	2047	2047	3862	2162	1940
0	2303	2047	1082	2274	1892
255	2303	2047	1122	2275	1893
511	2303	2047	1190	2276	1893
767	2303	2047	1291	2278	1894
1023	2303	2047	1423	2280	1896
1279	2303	2047	1578	2284	1898
1535	2303	2047	1751	2288	1900
1791	2303	2047	1938	2294	1903
2047	2303	2047	2136	2301	1906
2303	2303	2047	2341	2308	1910
2559	2303	2047	2552	2317	1915
2815	2303	2047	2767	2327	1920
3071	2303	2047	2986	2339	1926
3327	2303	2047	3208	2351	1932
3583	2303	2047	3432	2365	1940
3839	2303	2047	3658	2380	1947
4095	2303	2047	3886	2396	1956
0	2559	2047	1206	2526	1911
255	2559	2047	1242	2527	1912
511	2559	2047	1302	2528	1912
767	2559	2047	1395	2529	1913
1023	2559	2047	1515	2532	1915
1279	2559	2047	1660	2535	1916
1535	2559	2047	1824	2539	1919
1791	2559	2047	2003	2544	1922
2047	2559	2047	2193	2549	1925
2303	2559	2047	2392	2556	1929
2559	2559	2047	2598	2564	1933
2815	2559	2047	2809	2573	1939
3071	2559	2047	3024	2583	1944
3327	2559	2047	3242	2594	1951
3583	2559	2047	3464	2606	1958
3839	2559	2047	3687	2619	1966
4095	2559	2047	3912	2633	1974
0	2815	2047	1332	2778	1932
255	2815	2047	1364	2779	1933
511	2815	2047	1418	2780	1933
767	2815	2047	1502	2781	1934
1023	2815	2047	1613	2783	1936
1279	2815	2047	1748	2786	1937
1535	2815	2047	1902	2790	1940
1791	2815	2047	2073	2794	1943
2047	2815	2047	2256	2799	1946
2303	2815	2047	2448	2805	1950
2559	2815	2047	2648	2812	1954
2815	2815	2047	2855	2820	1959
3071	2815	2047	3066	2829	1965
3327	2815	2047	3281	2838	1971
3583	2815	2047	3499	2849	1978
3839	2815	2047	3720	2861	1986
4095	2815	2047	3942	2874	1994
0	3071	2047	1458	3031	1956
255	3071	2047	1487	3031	1956
511	3071	2047	1536	3032	1957
767	3071	2047	1612	3033	1958
1023	3071	2047	1715	3035	1959
1279	3071	2047	1841	3038	1961
1535	3071	2047	1986	3041	1963
1791	3071	2047	2148	3045	1966
2047	3071	2047	2324	3049	1969
2303	3071	2047	2510	3055	1973
2559	3071	2047	2704	3061	1977
2815	3071	2047	2906	3068	1983
3071	3071	2047	3112	3076	1988
3327	3071	2047	3323	3084	1994
3583	3071	2047	3538	3094	2001
3839	3071	2047	3756	3105	2009
4095	3071	2047	3976	3116	2017
0	3327	2047	1585	3283	1982
255	3327	2047	1611	3283	1982
511	3327	2047	1655	3284	1983
767	3327	2047	1725	3285	1984
1023	3327	2047	1820	3287	1985
1279	3327	2047	1938	3289	1987
1535	3327	2047	2075	3292	1989
1791	3327	2047	2229	3296	1992
2047	3327	2047	2397	3300	1995
2303	3327	2047	2576	3305	1999
2559	3327	2047	2765	3310	2003
2815	3327	2047	2961	3316	2008
3071	3327	2047	3163	3324	2013
3327	3327	2047	3370	3332	2020
3583	3327	2047	3581	3340	2026
3839	3327	2047	3795	3350	2034
4095	3327	2047	4013	3360	2042
0	3583	2047	1712	3535	2010
255	3583	2047	1735	3536	2010
511	3583	2047	1776	3536	2011
767	3583	2047	1841	3537	2012
1023	3583	2047	1928	3539	2013
1279	3583	2047	2038	3541	2015
1535	3583	2047	2168	3544	2017
1791	3583	2047	2314	3547	2019
2047	3583	2047	2475	3551	2023
2303	3583	2047	2647	3555	2026
2559	3583	2047	2830	3560	2031
2815	3583	2047	3020	3566	2035
3071	3583	2047	3218	3572	2041
3327	3583	2047	3420	3580	2047
3583	3583	2047	3628	3587	2054
3839	3583	2047	3839	3596	2061
4095	3583	2047	4053	3606	2069
0	3839	2047	1839	3788	2040
255	3839	2047	1861	3788	2040
511	3839	2047	1898	3789	2041
767	3839	2047	1958	3790	2042
1023	3839	2047	2039	3791	2043
1279	3839	2047	2142	3793	2045
1535	3839	2047	2264	3795	2047
1791	3839	2047	2403	3798	2050
2047	3839	2047	2557	3802	2053
2303	3839	2047	2723	3806	2056
2559	3839	2047	2899	3810	2061
2815	3839	2047	3084	3816	2065
3071	3839	2047	3276	3822	2071
3327	3839	2047	3475	3828	2077
3583	3839	2047	3678	3835	2083
3839	3839	2047	3885	3843	2090
4095	3839	2047	4095	3851	2097
0	4095	2047	1967	4040	2073
255	4095	2047	1986	4041	2073
511	4095	2047	2021	4041	2073
767	4095	2047	2076	4042	2074
1023	4095	2047	2152	4043	2075
1279	4095	2047	2248	4045	2077
1535	4095	2047	2364	4047	2079
1791	4095	2047	2496	4050	2082
2047	4095	2047	2642	4053	2085
2303	4095	2047	2802	4057	2088
2559	4095	2047	2972	4061	2093
2815	4095	2047	3152	4066	2097
3071	4095	2047	3339	4071	2102
3327	4095	2047	3533	4077	2108
3583	4095	2047	3732	4084	2115
3839	4095	2047	3936	4091	2122
4095	4095	2047	4095	4051	2104
0	0	2303	227	70	2048
255	0	2303	373	79	2048
511	0	2303	553	95	2049
767	0	2303	760	120	2049
1023	0	2303	979	158	2051
1279	0	2303	1205	204	2052
1535	0	2303	1435	254	2055
1791	0	2303	1667	306	2057
2047	0	2303	1900	361	2060
2303	0	2303	2134	417	2064
2559	0	2303	2369	474	2068
2815	0	2303	2604	532	2073
3071	0	2303	2839	591	2078
3327	0	2303	3075	650	2084
3583	0	2303	3311	709	2091
3839	0	2303	3547	769	2098
4095	0	2303	3783	829	2105
0	255	2303	266	298	2049
255	255	2303	401	303	2049
511	255	2303	572	314	2050
767	255	2303	774	329	2051
1023	255	2303	990	351	2052
1279	255	2303	1214	378	2054
1535	255	2303	1442	411	2056
1791	255	2303	1672	447	2058
2047	255	2303	1905	488	2061
2303	255	2303	2138	532	2065
2559	255	2303	2372	578	2069
2815	255	2303	2607	626	2074
3071	255	2303	2842	677	2079
3327	255	2303	3077	729	2085
3583	255	2303	3313	782	2092
3839	255	2303	3549	836	2099
4095	255	2303	3785	891	2107
0	511	2303	328	530	2051
255	511	2303	446	533	2051
511	511	2303	605	539	2052
767	511	2303	798	549	2053
1023	511	2303	1009	563	2054
1279	511	2303	1229	581	2056
1535	511	2303	1454	603	2058
1791	511	2303	1683	628	2061
2047	511	2303	1913	658	2064
2303	511	2303	2145	691	2067
2559	511	2303	2379	727	2071
2815	511	2303	2613	766	2076
3071	511	2303	2847	807	2082
3327	511	2303	3082	850	2087
3583	511	2303	3317	895	2094
3839	511	2303	3553	942	2101
4095	511	2303	3788	991	2109
0	767	2303	411	773	2055
255	767	2303	512	775	2055
511	767	2303	655	779	2056
767	767	2303	836	786	2056
1023	767	2303	1038	796	2058
1279	767	2303	1252	808	2059
1535	767	2303	1473	824	2062
1791	767	2303	1699	843	2064
2047	767	2303	1927	864	2067
2303	767	2303	2157	889	2071
2559	767	2303	2389	917	2075
2815	767	2303	2622	947	2080
3071	767	2303	2855	980	2085
3327	767	2303	3090	1015	2091
3583	767	2303	3324	1053	2097
3839	767	2303	3559	1092	2104
4095	767	2303	3794	1133	2112
0	1023	2303	509	1020	2060
255	1023	2303	594	1022	2060
511	1023	2303	721	1025	2061
767	1023	2303	888	1030	2062
1023	1023	2303	1079	1037	2063
1279	1023	2303	1285	1047	2064
1535	1023	2303	1501	1058	2067
1791	1023	2303	1722	1072	2069
2047	1023	2303	1947	1089	2072
2303	1023	2303	2175	1108	2076
2559	1023	2303	2404	1130	2080
2815	1023	2303	2635	1154	2085
3071	1023	2303	2867	1180	2090
3327	1023	2303	3100	1209	2096
3583	1023	2303	3334	1240	2102
3839	1023	2303	3568	1272	2109
4095	1023	2303	3802	1307	2117
0	1279	2303	617	1270	2067
255	1279	2303	688	1271	2067
511	1279	2303	800	1274	2067
767	1279	2303	951	1277	2068
1023	1279	2303	1131	1283	2070
1279	1279	2303	1328	1290	2071
1535	1279	2303	1536	1299	2073
1791	1279	2303	1752	1311	2076
2047	1279	2303	1973	1324	2079
2303	1279	2303	2197	1339	2083
2559	1279	2303	2424	1356	2087
2815	1279	2303	2653	1376	2091
3071	1279	2303	2883	1397	2097
3327	1279	2303	3115	1421	2103
3583	1279	2303	3347	1446	2109
3839	1279	2303	3580	1474	2116
4095	1279	2303	3813	1503	2124
0	1535	2303	731	1520	2075
255	1535	2303	791	1522	2076
511	1535	2303	889	1523	2076
767	1535	2303	1026	1527	2077
1023	1535	2303	1193	1531	2078
1279	1535	2303	1379	1537	2080
1535	1535	2303	1580	1544	2082
1791	1535	2303	1789	1553	2084
2047	1535	2303	2005	1564	2088
2303	1535	2303	2225	1577	2091
2559	1535	2303	2449	1591	2095
2815	1535	2303	2675	1607	2100
3071	1535	2303	2903	1625	2105
3327	1535	2303	3133	1644	2111
3583	1535	2303	3363	1666	2117
3839	1535	2303	3595	1689	2124
4095	1535	2303	3827	1714	2132
0	1791	2303	849	1772	2086
255	1791	2303	901	1773	2086
511	1791	2303	986	1774	2087
767	1791	2303	1110	1777	2087
1023	1791	2303	1264	1780	2089
1279	1791	2303	1440	1785	2090
1535	1791	2303	1631	1792	2092
1791	1791	2303	1833	1799	2095
2047	1791	2303	2044	1808	2098
2303	1791	2303	2259	1819	2101
2559	1791	2303	2479	1831	2106
2815	1791	2303	2702	1844	2110
3071	1791	2303	2927	1859	2115
3327	1791	2303	3155	1876	2121
3583	1791	2303	3383	1894	2128
3839	1791	2303	3613	1914	2135
4095	1791	2303	3844	1935	2142
0	2047	2303	969	2023	2098
255	2047	2303	1014	2024	2098
511	2047	2303	1090	2025	2099
767	2047	2303	1201	2027	2100
1023	2047	2303	1343	2031	2101
1279	2047	2303	1508	2035	2103
1535	2047	2303	1690	2040	2105
1791	2047	2303	1885	2047	2107
2047	2047	2303	2089	2054	2110
2303	2047	2303	2299	2063	2114
2559	2047	2303	2514	2073	2118
2815	2047	2303	2734	2085	2122
3071	2047	2303	2956	2098	2128
3327	2047	2303	3181	2112	2133
3583	2047	2303	3407	2128	2140
3839	2047	2303	3635	2145	2147
4095	2047	2303	3864	2163	2154
0	2303	2303	1091	2275	2113
255	2303	2303	1131	2276	2113
511	2303	2303	1198	2277	2113
767	2303	2303	1299	2279	2114
1023	2303	2303	1430	2281	2115
1279	2303	2303	1584	2285	2117
1535	2303	2303	1756	2290	2119
1791	2303	2303	1943	2295	2122
2047	2303	2303	2140	2302	2125
2303	2303	2303	2344	2310	2128
2559	2303	2303	2555	2318	2132
2815	2303	2303	2770	2328	2137
3071	2303	2303	2989	2340	2142
3327	2303	2303	3211	2352	2147
3583	2303	2303	3435	2366	2154
3839	2303	2303	3660	2381	2161
4095	2303	2303	3888	2397	2168
0	2559	2303	1215	2527	2129
255	2559	2303	1250	2528	2129
511	2559	2303	1310	2529	2130
767	2559	2303	1402	2530	2131
1023	2559	2303	1522	2533	2132
1279	2559	2303	1666	2536	2133
1535	2559	2303	1829	2540	2135
1791	2559	2303	2007	2545	2138
2047	2559	2303	2197	2550	2141
2303	2559	2303	2395	2557	2144
2559	2559	2303	2601	2565	2148
2815	2559	2303	2812	2574	2153
3071	2559	2303	3027	2584	2158
3327	2559	2303	3245	2595	2164
3583	2559	2303	3466	2607	2170
3839	2559	2303	3689	2620	2177
4095	2559	2303	3914	2634	2184
0	2815	2303	1340	2779	2148
255	2815	2303	1371	2780	2148
511	2815	2303	1425	2781	2148
767	2815	2303	1508	2782	2149
1023	2815	2303	1619	2784	2150
1279	2815	2303	1753	2787	2152
1535	2815	2303	1907	2790	2154
1791	2815	2303	2077	2795	2156
2047	2815	2303	2260	2800	2159
2303	2815	2303	2452	2806	2163
2559	2815	2303	2652	2813	2167
2815	2815	2303	2858	2821	2171
3071	2815	2303	3068	2829	2176
3327	2815	2303	3283	2839	2182
3583	2815	2303	3501	2850	2188
3839	2815	2303	3722	2862	2195
4095	2815	2303	3944	2874	2202
0	3071	2303	1465	3031	2168
255	3071	2303	1493	3032	2168
511	3071	2303	1542	3033	2169
767	3071	2303	1618	3034	2170
1023	3071	2303	1720	3036	2171
1279	3071	2303	1846	3038	2172
1535	3071	2303	1991	3041	2174
1791	3071	2303	2153	3045	2177
2047	3071	2303	2328	3050	2180
2303	3071	2303	2513	3055	2183
2559	3071	2303	2707	3062	2187
2815	3071	2303	2908	3069	2191
3071	3071	2303	3115	3076	2196
3327	3071	2303	3326	3085	2202
3583	3071	2303	3540	3095	2208
3839	3071	2303	3758	3105	2215
4095	3071	2303	3978	3117	2222
0	3327	2303	1591	3284	2191
255	3327	2303	1617	3284	2191
511	3327	2303	1661	3285	2192
767	3327	2303	1731	3286	2192
1023	3327	2303	1825	3288	2194
1279	3327	2303	1942	3290	2195
1535	3327	2303	2079	3293	2197
1791	3327	2303	2233	3296	2199
2047	3327	2303	2401	3300	2202
2303	3327	2303	2580	3305	2206
2559	3327	2303	2768	3311	2209
2815	3327	2303	2964	3317	2214
3071	3327	2303	3165	3324	2219
3327	3327	2303	3372	3332	2224
3583	3327	2303	3583	3341	2230
3839	3327	2303	3797	3350	2237
4095	3327	2303	4014	3361	2244
0	3583	2303	1717	3536	2216
255	3583	2303	1741	3536	2216
511	3583	2303	1782	3537	2216
767	3583	2303	1846	3538	2217
1023	3583	2303	1933	3540	2218
1279	3583	2303	2043	3542	2220
1535	3583	2303	2172	3544	2222
1791	3583	2303	2318	3547	2224
2047	3583	2303	2478	3551	2227
2303	3583	2303	2651	3556	2230
2559	3583	2303	2833	3561	2234
2815	3583	2303	3023	3566	2238
3071	3583	2303	3220	3573	2243
3327	3583	2303	3423	3580	2248
3583	3583	2303	3630	3588	2254
3839	3583	2303	3841	3597	2261
4095	3583	2303	4055	3606	2268
0	3839	2303	1844	3788	2242
255	3839	2303	1866	3789	2243
511	3839	2303	1903	3789	2243
767	3839	2303	1962	3790	2244
1023	3839	2303	2044	3792	2245
1279	3839	2303	2146	3794	2247
1535	3839	2303	2268	3796	2248
1791	3839	2303	2407	3799	2251
2047	3839	2303	2560	3802	2254
2303	3839	2303	2726	3806	2257
2559	3839	2303	2902	3811	2261
2815	3839	2303	3087	3816	2265
3071	3839	2303	3279	3822	2270
3327	3839	2303	3477	3829	2275
3583	3839	2303	3680	3836	2281
3839	3839	2303	3887	3844	2287
4095	3839	2303	4095	3850	2292
0	4095	2303	1971	4041	2271
255	4095	2303	1991	4041	2271
511	4095	2303	2026	4042	2272
767	4095	2303	2081	4043	2273
1023	4095	2303	2156	4044	2274
1279	4095	2303	2252	4046	2275
1535	4095	2303	2367	4048	2277
1791	4095	2303	2499	4050	2279
2047	4095	2303	2646	4054	2282
2303	4095	2303	2805	4057	2285
2559	4095	2303	2975	4062	2289
2815	4095	2303	3155	4066	2293
3071	4095	2303	3342	4072	2298
3327	4095	2303	3535	4078	2303
3583	4095	2303	3734	4085	2309
3839	4095	2303	3938	4092	2315
4095	4095	2303	4095	4050	2294
0	0	2559	272	88	2278
255	0	2559	405	97	2278
511	0	2559	575	113	2279
767	0	2559	776	139	2279
1023	0	2559	992	175	2281
1279	0	2559	1215	219	2282
1535	0	2559	1443	267	2284
1791	0	2559	1673	318	2286
2047	0	2559	1906	371	2289
2303	0	2559	2139	426	2292
2559	0	2559	2373	482	2296
2815	0	2559	2607	539	2300
3071	0	2559	2842	597	2305
3327	0	2559	3078	656	2310
3583	0	2559	3313	715	2315
3839	0	2559	3549	774	2322
4095	0	2559	3785	833	2328
0	255	2559	307	309	2279
255	255	2559	431	315	2279
511	255	2559	594	325	2280
767	255	2559	790	340	2280
1023	255	2559	1002	361	2282
1279	255	2559	1223	388	2283
1535	255	2559	1450	420	2285
1791	255	2559	1679	456	2287
2047	255	2559	1910	496	2290
2303	255	2559	2143	539	2293
2559	255	2559	2376	584	2297
2815	255	2559	2611	632	2301
3071	255	2559	2845	682	2306
3327	255	2559	3080	734	2311
3583	255	2559	3316	786	2316
3839	255	2559	3551	840	2323
4095	255	2559	3787	895	2330
0	511	2559	363	537	2281
255	511	2559	473	540	2281
511	511	2559	625	546	2282
767	511	2559	813	556	2282
1023	511	2559	1021	569	2284
1279	511	2559	1238	587	2285
1535	511	2559	1462	609	2287
1791	511	2559	1689	634	2289
2047	511	2559	1919	664	2292
2303	511	2559	2150	696	2295
2559	511	2559	2383	732	2299
2815	511	2559	2616	770	2303
3071	511	2559	2850	811	2307
3327	511	2559	3085	855	2313
3583	511	2559	3320	900	2318
3839	511	2559	3555	946	2325
4095	511	2559	3791	995	2331
0	767	2559	440	778	2284
255	767	2559	536	780	2284
511	767	2559	674	784	2285
767	767	2559	851	791	2286
1023	767	2559	1050	800	2287
1279	767	2559	1261	813	2288
1535	767	2559	1481	828	2290
1791	767	2559	1705	847	2292
2047	767	2559	1933	869	2295
2303	767	2559	2162	893	2298
2559	767	2559	2393	921	2302
2815	767	2559	2626	951	2306
3071	767	2559	2859	984	2311
3327	767	2559	3093	1019	2316
3583	767	2559	3327	1056	2321
3839	767	2559	3562	1095	2328
4095	767	2559	3796	1136	2334
0	1023	2559	534	1024	2289
255	1023	2559	615	1026	2289
511	1023	2559	738	1029	2289
767	1023	2559	901	1034	2290
1023	1023	2559	1090	1041	2291
1279	1023	2559	1294	1050	2293
1535	1023	2559	1508	1062	2294
1791	1023	2559	1728	1076	2297
2047	1023	2559	1952	1092	2299
2303	1023	2559	2179	1112	2303
2559	1023	2559	2408	1133	2306
2815	1023	2559	2639	1157	2310
3071	1023	2559	2871	1183	2315
3327	1023	2559	3103	1212	2320
3583	1023	2559	3337	1242	2326
3839	1023	2559	3570	1275	2332
4095	1023	2559	3805	1310	2339
0	1279	2559	637	1273	2294
255	1279	2559	706	1274	2295
511	1279	2559	815	1276	2295
767	1279	2559	964	1280	2296
1023	1279	2559	1141	1286	2297
1279	1279	2559	1336	1293	2298
1535	1279	2559	1543	1302	2300
1791	1279	2559	1758	1313	2303
2047	1279	2559	1978	1326	2305
2303	1279	2559	2202	1342	2308
2559	1279	2559	2428	1359	2312
2815	1279	2559	2657	1378	2316
3071	1279	2559	2887	1400	2321
3327	1279	2559	3118	1423	2326
3583	1279	2559	3350	1449	2332
3839	1279	2559	3582	1476	2338
4095	1279	2559	3816	1505	2345
0	1535	2559	748	1523	2302
255	1535	2559	807	1524	2302
511	1535	2559	903	1526	2303
767	1535	2559	1038	1529	2303
1023	1535	2559	1203	1533	2305
1279	1535	2559	1388	1539	2306
1535	1535	2559	1587	1547	2308
1791	1535	2559	1795	1556	2310
2047	1535	2559	2010	1566	2313
2303	1535	2559	2230	1579	2316
2559	1535	2559	2453	1593	2320
2815	1535	2559	2679	1609	2324
3071	1535	2559	2906	1627	2328
3327	1535	2559	3136	1646	2333
3583	1535	2559	3366	1668	2339
3839	1535	2559	3597	1691	2345
4095	1535	2559	3830	1715	2352
0	1791	2559	863	1773	2311
255	1791	2559	914	1774	2311
511	1791	2559	998	1776	2312
767	1791	2559	1121	1779	2313
1023	1791	2559	1273	1782	2314
1279	1791	2559	1448	1787	2315
1535	1791	2559	1638	1793	2317
1791	1791	2559	1839	1801	2319
2047	1791	2559	2049	1810	2322
2303	1791	2559	2264	1820	2325
2559	1791	2559	2483	1832	2329
2815	1791	2559	2706	1846	2333
3071	1791	2559	2931	1861	2337
3327	1791	2559	3158	1877	2342
3583	1791	2559	3386	1896	2348
3839	1791	2559	3616	1915	2354
4095	1791	2559	3846	1936	2361
0	2047	2559	981	2025	2322
255	2047	2559	1026	2026	2322
511	2047	2559	1101	2027	2323
767	2047	2559	1211	2029	2324
1023	2047	2559	1352	2032	2325
1279	2047	2559	1516	2036	2326
1535	2047	2559	1697	2042	2328
1791	2047	2559	1891	2048	2330
2047	2047	2559	2094	2056	2333
2303	2047	2559	2303	2065	2336
2559	2047	2559	2518	2075	2339
2815	2047	2559	2737	2086	2343
3071	2047	2559	2959	2099	2348
3327	2047	2559	3184	2114	2353
3583	2047	2559	3410	2129	2359
3839	2047	2559	3638	2146	2365
4095	2047	2559	3866	2165	2371
0	2303	2559	1102	2276	2335
255	2303	2559	1141	2277	2335
511	2303	2559	1208	2278	2335
767	2303	2559	1308	2280	2336
1023	2303	2559	1437	2283	2337
1279	2303	2559	1591	2286	2339
1535	2303	2559	1763	2291	2340
1791	2303	2559	1948	2296	2343
2047	2303	2559	2145	2303	2345
2303	2303	2559	2349	2311	2348
2559	2303	2559	2559	2320	2352
2815	2303	2559	2774	2330	2356
3071	2303	2559	2992	2341	2361
3327	2303	2559	3214	2353	2366
3583	2303	2559	3437	2367	2371
3839	2303	2559	3663	2382	2377
4095	2303	2559	3890	2398	2384
0	2559	2559	1225	2528	2349
255	2559	2559	1259	2529	2350
511	2559	2559	1319	2530	2350
767	2559	2559	1410	2531	2351
1023	2559	2559	1529	2534	2352
1279	2559	2559	1672	2537	2353
1535	2559	2559	1835	2541	2355
1791	2559	2559	2012	2546	2357
2047	2559	2559	2201	2552	2360
2303	2559	2559	2400	2558	2363
2559	2559	2559	2605	2566	2366
2815	2559	2559	2815	2575	2370
3071	2559	2559	3030	2585	2375
3327	2559	2559	3248	2596	2380
3583	2559	2559	3469	2608	2385
3839	2559	2559	3692	2621	2391
4095	2559	2559	3916	2635	2398
0	2815	2559	1348	2780	2366
255	2815	2559	1379	2781	2366
511	2815	2559	1433	2782	2366
767	2815	2559	1516	2783	2367
1023	2815	2559	1626	2785	2368
1279	2815	2559	1759	2788	2369
1535	2815	2559	1913	2791	2371
1791	2815	2559	2082	2796	2373
2047	2815	2559	2264	2801	2376
2303	2815	2559	2456	2807	2379
2559	2815	2559	2655	2814	2383
2815	2815	2559	2861	2822	2387
3071	2815	2559	3072	2830	2391
3327	2815	2559	3286	2840	2396
3583	2815	2559	3504	2851	2401
3839	2815	2559	3724	2863	2407
4095	2815	2559	3946	2875	2414
0	3071	2559	1473	3032	2384
255	3071	2559	1501	3033	2384
511	3071	2559	1549	3034	2385
767	3071	2559	1625	3035	2385
1023	3071	2559	1727	3037	2386
1279	3071	2559	1851	3039	2388
1535	3071	2559	1996	3042	2389
1791	3071	2559	2157	3046	2392
2047	3071	2559	2332	3051	2394
2303	3071	2559	2517	3056	2397
2559	3071	2559	2711	3062	2401
2815	3071	2559	2912	3069	2405
3071	3071	2559	3118	3077	2409
3327	3071	2559	3328	3086	2414
3583	3071	2559	3543	3096	2419
3839	3071	2559	3760	3106	2425
4095	3071	2559	3980	3118	2432
0	3327	2559	1598	3285	2404
255	3327	2559	1623	3285	2404
511	3327	2559	1668	3286	2405
767	3327	2559	1737	3287	2405
1023	3327	2559	1831	3289	2406
1279	3327	2559	1948	3291	2408
1535	3327	2559	2084	3294	2410
1791	3327	2559	2238	3297	2412
2047	3327	2559	2405	3301	2414
2303	3327	2559	2583	3306	2417
2559	3327	2559	2771	3312	2421
2815	3327	2559	2967	3318	2424
3071	3327	2559	3168	3325	2429
3327	3327	2559	3375	3333	2434
3583	3327	2559	3586	3342	2439
3839	3327	2559	3800	3351	2445
4095	3327	2559	4017	3362	2451
0	3583	2559	1724	3537	2426
255	3583	2559	1747	3537	2426
511	3583	2559	1788	3538	2427
767	3583	2559	1851	3539	2427
1023	3583	2559	1939	3540	2428
1279	3583	2559	2048	3542	2430
1535	3583	2559	2176	3545	2431
1791	3583	2559	2322	3548	2434
2047	3583	2559	2482	3552	2436
2303	3583	2559	2654	3556	2439
2559	3583	2559	2836	3561	2442
2815	3583	2559	3026	3567	2446
3071	3583	2559	3223	3574	2451
3327	3583	2559	3425	3581	2455
3583	3583	2559	3632	3589	2461
3839	3583	2559	3843	3598	2466
4095	3583	2559	4057	3607	2473
0	3839	2559	1850	3789	2450
255	3839	2559	1871	3789	2450
511	3839	2559	1909	3790	2451
767	3839	2559	1968	3791	2451
1023	3839	2559	2049	3792	2452
1279	3839	2559	2151	3794	2454
1535	3839	2559	2272	3797	2455
1791	3839	2559	2411	3800	2457
2047	3839	2559	2564	3803	2460
2303	3839	2559	2729	3807	2463
2559	3839	2559	2905	3812	2466
2815	3839	2559	3090	3817	2470
3071	3839	2559	3282	3823	2474
3327	3839	2559	3480	3829	2479
3583	3839	2559	3682	3837	2484
3839	3839	2559	3890	3845	2490
4095	3839	2559	4095	3848	2493
0	4095	2559	1977	4042	2476
255	4095	2559	1996	4042	2476
511	4095	2559	2031	4042	2476
767	4095	2559	2086	4043	2477
1023	4095	2559	2161	4045	2478
1279	4095	2559	2257	4046	2479
1535	4095	2559	2371	4048	2481
1791	4095	2559	2503	4051	2483
2047	4095	2559	2649	4054	2486
2303	4095	2559	2808	4058	2488
2559	4095	2559	2978	4062	2492
2815	4095	2559	3157	4067	2495
3071	4095	2559	3344	4072	2500
3327	4095	2559	3538	4079	2504
3583	4095	2559	3736	4085	2509
3839	4095	2559	3940	4093	2515
4095	4095	2559	4095	4049	2489
0	0	2815	318	109	2508
255	0	2815	439	118	2508
511	0	2815	600	134	2509
767	0	2815	794	160	2509
1023	0	2815	1006	195	2510
1279	0	2815	1226	236	2512
1535	0	2815	1452	281	2513
1791	0	2815	1681	331	2515
2047	0	2815	1912	382	2518
2303	0	2815	2144	436	2521
2559	0	2815	2378	491	2524
2815	0	2815	2612	547	2527
3071	0	2815	2846	604	2532
3327	0	2815	3081	662	2536
3583	0	2815	3317	721	2541
3839	0	2815	3552	779	2547
4095	0	2815	3788	838	2553
0	255	2815	349	322	2509
255	255	2815	463	328	2509
511	255	2815	617	337	2510
767	255	2815	807	352	2510
1023	255	2815	1016	373	2511
1279	255	2815	1234	399	2513
1535	255	2815	1459	430	2514
1791	255	2815	1686	465	2516
2047	255	2815	1917	504	2519
2303	255	2815	2148	547	2522
2559	255	2815	2381	592	2525
2815	255	2815	2615	639	2528
3071	255	2815	2849	689	2533
3327	255	2815	3084	739	2537
3583	255	2815	3319	792	2542
3839	255	2815	3554	845	2548
4095	255	2815	3790	900	2554
0	511	2815	400	545	2511
255	511	2815	503	548	2511
511	511	2815	648	554	2511
767	511	2815	831	563	2512
1023	511	2815	1034	577	2513
1279	511	2815	1249	594	2514
1535	511	2815	1470	616	2516
1791	511	2815	1696	641	2518
2047	511	2815	1925	670	2520
2303	511	2815	2156	702	2523
2559	511	2815	2388	738	2526
2815	511	2815	2621	776	2530
3071	511	2815	2854	817	2534
3327	511	2815	3088	859	2539
3583	511	2815	3323	904	2544
3839	511	2815	3558	951	2549
4095	511	2815	3793	999	2555
0	767	2815	472	783	2513
255	767	2815	562	785	2514
511	767	2815	695	789	2514
767	767	2815	867	796	2515
1023	767	2815	1063	806	2516
1279	767	2815	1272	818	2517
1535	767	2815	1490	833	2519
1791	767	2815	1712	852	2521
2047	767	2815	1939	873	2523
2303	767	2815	2168	898	2526
2559	767	2815	2398	925	2529
2815	767	2815	2630	955	2533
3071	767	2815	2863	988	2537
3327	767	2815	3096	1023	2542
3583	767	2815	3330	1060	2547
3839	767	2815	3564	1099	2552
4095	767	2815	3799	1140	2558
0	1023	2815	560	1028	2517
255	1023	2815	638	1030	2518
511	1023	2815	757	1033	2518
767	1023	2815	917	1038	2519
1023	1023	2815	1102	1045	2520
1279	1023	2815	1304	1054	2521
1535	1023	2815	1516	1066	2523
1791	1023	2815	1735	1080	2525
2047	1023	2815	1958	1096	2527
2303	1023	2815	2185	1115	2530
2559	1023	2815	2413	1137	2533
2815	1023	2815	2643	1160	2537
3071	1023	2815	2874	1187	2541
3327	1023	2815	3107	1215	2545
3583	1023	2815	3340	1246	2550
3839	1023	2815	3573	1278	2556
4095	1023	2815	3807	1313	2562
0	1279	2815	659	1276	2523
255	1279	2815	726	1277	2523
511	1279	2815	832	1279	2523
767	1279	2815	978	1283	2524
1023	1279	2815	1153	1289	2525
1279	1279	2815	1346	1296	2526
1535	1279	2815	1552	1305	2528
1791	1279	2815	1765	1316	2530
2047	1279	2815	1984	1329	2532
2303	1279	2815	2207	1345	2535
2559	1279	2815	2433	1362	2538
2815	1279	2815	2661	1381	2542
3071	1279	2815	2890	1403	2546
3327	1279	2815	3121	1426	2551
3583	1279	2815	3353	1451	2556
3839	1279	2815	3585	1478	2561
4095	1279	2815	3818	1507	2567
0	1535	2815	767	1525	2529
255	1535	2815	824	1526	2530
511	1535	2815	918	1528	2530
767	1535	2815	1051	1531	2531
1023	1535	2815	1214	1536	2532
1279	1535	2815	1397	1542	2533
1535	1535	2815	1595	1549	2535
1791	1535	2815	1802	1558	2537
2047	1535	2815	2016	1569	2539
2303	1535	2815	2235	1581	2542
2559	1535	2815	2458	1595	2545
2815	1535	2815	2683	1611	2549
3071	1535	2815	2910	1629	2553
3327	1535	2815	3139	1649	2557
3583	1535	2815	3369	1670	2562
3839	1535	2815	3600	1693	2568
4095	1535	2815	3832	1718	2574
0	1791	2815	879	1776	2538
255	1791	2815	929	1776	2538
511	1791	2815	1012	1778	2538
767	1791	2815	1133	1781	2539
1023	1791	2815	1284	1784	2540
1279	1791	2815	1457	1789	2541
1535	1791	2815	1646	1795	2543
1791	1791	2815	1846	1803	2545
2047	1791	2815	2054	1812	2547
2303	1791	2815	2269	1822	2550
2559	1791	2815	2488	1834	2553
2815	1791	2815	2710	1848	2557
3071	1791	2815	2934	1863	2561
3327	1791	2815	3161	1879	2565
3583	1791	2815	3389	1897	2570
3839	1791	2815	3619	1917	2576
4095	1791	2815	3849	1938	2582
0	2047	2815	995	2027	2547
255	2047	2815	1039	2027	2547
511	2047	2815	1113	2029	2548
767	2047	2815	1222	2031	2548
1023	2047	2815	1361	2034	2549
1279	2047	2815	1524	2038	2551
1535	2047	2815	1704	2043	2552
1791	2047	2815	1897	2050	2554
2047	2047	2815	2099	2057	2557
2303	2047	2815	2308	2066	2559
2559	2047	2815	2523	2077	2563
2815	2047	2815	2741	2088	2566
3071	2047	2815	2963	2101	2570
3327	2047	2815	3187	2115	2575
3583	2047	2815	3413	2131	2580
3839	2047	2815	3640	2148	2585
4095	2047	2815	3869	2166	2591
0	2303	2815	1114	2278	2558
255	2303	2815	1153	2279	2559
511	2303	2815	1219	2280	2559
767	2303	2815	1318	2282	2560
1023	2303	2815	1446	2284	2561
1279	2303	2815	1599	2288	2562
1535	2303	2815	1770	2292	2564
1791	2303	2815	1954	2298	2566
2047	2303	2815	2150	2305	2568
2303	2303	2815	2354	2312	2571
2559	2303	2815	2563	2321	2574
2815	2303	2815	2778	2331	2577
3071	2303	2815	2996	2342	2581
3327	2303	2815	3217	2355	2586
3583	2303	2815	3440	2368	2591
3839	2303	2815	3665	2383	2596
4095	2303	2815	3892	2399	2602
0	2559	2815	1235	2530	2571
255	2559	2815	1270	2530	2572
511	2559	2815	1329	2531	2572
767	2559	2815	1419	2533	2573
1023	2559	2815	1537	2535	2574
1279	2559	2815	1680	2538	2575
1535	2559	2815	1841	2542	2576
1791	2559	2815	2018	2547	2578
2047	2559	2815	2207	2553	2581
2303	2559	2815	2404	2560	2583
2559	2559	2815	2609	2567	2587
2815	2559	2815	2819	2576	2590
3071	2559	2815	3033	2586	2594
3327	2559	2815	3251	2597	2599
3583	2559	2815	3471	2609	2604
3839	2559	2815	3694	2622	2609
4095	2559	2815	3919	2637	2615
0	2815	2815	1358	2781	2586
255	2815	2815	1389	2782	2586
511	2815	2815	1442	2783	2587
767	2815	2815	1524	2784	2587
1023	2815	2815	1633	2786	2588
1279	2815	2815	1766	2789	2589
1535	2815	2815	1919	2793	2591
1791	2815	2815	2088	2797	2593
2047	2815	2815	2269	2802	2595
2303	2815	2815	2460	2808	2598
2559	2815	2815	2659	2815	2601
2815	2815	2815	2865	2823	2605
3071	2815	2815	3075	2832	2609
3327	2815	2815	3289	2841	2613
3583	2815	2815	3507	2852	2618
3839	2815	2815	3727	2864	2623
4095	2815	2815	3949	2877	2629
0	3071	2815	1481	3033	2602
255	3071	2815	1509	3034	2602
511	3071	2815	1558	3035	2603
767	3071	2815	1633	3036	2604
1023	3071	2815	1734	3038	2604
1279	3071	2815	1858	3040	2606
1535	3071	2815	2002	3043	2607
1791	3071	2815	2163	3047	2609
2047	3071	2815	2337	3052	2611
2303	3071	2815	2522	3057	2614
2559	3071	2815	2715	3063	2617
2815	3071	2815	2915	3070	2621
3071	3071	2815	3121	3078	2625
3327	3071	2815	3332	3087	2629
3583	3071	2815	3546	3097	2634
3839	3071	2815	3763	3107	2639
4095	3071	2815	3982	3119	2645
0	3327	2815	1606	3285	2620
255	3327	2815	1631	3286	2620
511	3327	2815	1675	3287	2621
767	3327	2815	1744	3288	2622
1023	3327	2815	1838	3289	2622
1279	3327	2815	1954	3292	2624
1535	3327	2815	2090	3295	2625
1791	3327	2815	2243	3298	2627
2047	3327	2815	2410	3302	2629
2303	3327	2815	2588	3307	2632
2559	3327	2815	2775	3313	2635
2815	3327	2815	2970	3319	2639
3071	3327	2815	3172	3326	2643
3327	3327	2815	3378	3334	2647
3583	3327	2815	3588	3343	2652
3839	3327	2815	3802	3352	2657
4095	3327	2815	4019	3363	2663
0	3583	2815	1731	3538	2640
255	3583	2815	1754	3538	2640
511	3583	2815	1794	3539	2641
767	3583	2815	1858	3540	2641
1023	3583	2815	1945	3541	2642
1279	3583	2815	2053	3543	2643
1535	3583	2815	2182	3546	2645
1791	3583	2815	2327	3549	2647
2047	3583	2815	2487	3553	2649
2303	3583	2815	2658	3557	2652
2559	3583	2815	2840	3562	2655
2815	3583	2815	3030	3568	2658
3071	3583	2815	3226	3575	2662
3327	3583	2815	3428	3582	2666
3583	3583	2815	3635	3590	2671
3839	3583	2815	3845	3598	2676
4095	3583	2815	4059	3608	2682
0	3839	2815	1857	3790	2661
255	3839	2815	1878	3790	2662
511	3839	2815	1915	3791	2662
767	3839	2815	1974	3792	2663
1023	3839	2815	2055	3793	2664
1279	3839	2815	2156	3795	2665
1535	3839	2815	2277	3797	2666
1791	3839	2815	2415	3800	2668
2047	3839	2815	2568	3804	2670
2303	3839	2815	2733	3808	2673
2559	3839	2815	2909	3812	2676
2815	3839	2815	3093	3818	2679
3071	3839	2815	3285	3824	2683
3327	3839	2815	3482	3830	2688
3583	3839	2815	3685	3837	2692
3839	3839	2815	3892	3845	2697
4095	3839	2815	4095	3847	2698
0	4095	2815	1983	4042	2685
255	4095	2815	2002	4043	2685
511	4095	2815	2037	4043	2685
767	4095	2815	2091	4044	2686
1023	4095	2815	2166	4045	2687
1279	4095	2815	2262	4047	2688
1535	4095	2815	2376	4049	2689
1791	4095	2815	2508	4052	2691
2047	4095	2815	2654	4055	2694
2303	4095	2815	2812	4059	2696
2559	4095	2815	2982	4063	2699
2815	4095	2815	3161	4068	2702
3071	4095	2815	3347	4073	2706
3327	4095	2815	3540	4079	2710
3583	4095	2815	3739	4086	2715
3839	4095	2815	3942	4093	2720
4095	4095	2815	4095	4047	2690
0	0	3071	364	132	2738
255	0	3071	474	141	2738
511	0	3071	626	157	2739
767	0	3071	814	182	2739
1023	0	3071	1021	215	2740
1279	0	3071	1238	253	2741
1535	0	3071	1462	297	2743
1791	0	3071	1689	344	2745
2047	0	3071	1919	395	2747
2303	0	3071	2150	447	2749
2559	0	3071	2383	501	2752
2815	0	3071	2616	556	2756
3071	0	3071	2851	612	2759
3327	0	3071	3085	669	2763
3583	0	3071	3320	727	2768
3839	0	3071	3555	785	2773
4095	0	3071	3791	844	2778
0	255	3071	392	337	2739
255	255	3071	496	342	2739
511	255	3071	643	351	2740
767	255	3071	827	365	2740
1023	255	3071	1031	385	2741
1279	255	3071	1246	411	2742
1535	255	3071	1469	441	2744
1791	255	3071	1695	475	2746
2047	255	3071	1924	514	2748
2303	255	3071	2155	555	2750
2559	255	3071	2387	600	2753
2815	255	3071	2620	647	2756
3071	255	3071	2853	695	2760
3327	255	3071	3088	746	2764
3583	255	3071	3322	798	2769
3839	255	3071	3557	851	2774
4095	255	3071	3793	905	2779
0	511	3071	438	553	2741
255	511	3071	534	557	2741
511	511	3071	672	563	2741
767	511	3071	850	572	2742
1023	511	3071	1049	585	2743
1279	511	3071	1261	602	2744
1535	511	3071	1480	624	2745
1791	511	3071	1705	649	2747
2047	511	3071	1932	677	2749
2303	511	3071	2162	709	2752
2559	511	3071	2393	744	2755
2815	511	3071	2625	782	2758
3071	511	3071	2859	822	2762
3327	511	3071	3092	865	2766
3583	511	3071	3327	909	2770
3839	511	3071	3561	956	2775
4095	511	3071	3796	1003	2781
0	767	3071	505	789	2743
255	767	3071	590	791	2743
511	767	3071	718	795	2744
767	767	3071	885	802	2744
1023	767	3071	1077	811	2745
1279	767	3071	1284	824	2746
1535	767	3071	1499	839	2748
1791	767	3071	1721	857	2750
2047	767	3071	1946	879	2752
2303	767	3071	2174	903	2754
2559	767	3071	2403	930	2757
2815	767	3071	2635	960	2760
3071	767	3071	2867	993	2764
3327	767	3071	3100	1027	2768
3583	767	3071	3333	1064	2773
3839	767	3071	3568	1103	2778
4095	767	3071	3802	1144	2783
0	1023	3071	588	1032	2747
255	1023	3071	663	1034	2747
511	1023	3071	778	1037	2747
767	1023	3071	934	1042	2748
1023	1023	3071	1116	1049	2749
1279	1023	3071	1316	1058	2750
1535	1023	3071	1526	1070	2751
1791	1023	3071	1743	1084	2753
2047	1023	3071	1965	1100	2755
2303	1023	3071	2191	1119	2758
2559	1023	3071	2418	1141	2761
2815	1023	3071	2648	1164	2764
3071	1023	3071	2879	1190	2768
3327	1023	3071	3111	1219	2772
3583	1023	3071	3343	1249	2776
3839	1023	3071	3576	1282	2781
4095	1023	3071	3810	1316	2787
0	1279	3071	683	1279	2751
255	1279	3071	748	1281	2752
511	1279	3071	851	1283	2752
767	1279	3071	994	1287	2752
1023	1279	3071	1166	1292	2753
1279	1279	3071	1357	1299	2755
1535	1279	3071	1561	1309	2756
1791	1279	3071	1773	1320	2758
2047	1279	3071	1991	1333	2760
2303	1279	3071	2213	1348	2762
2559	1279	3071	2438	1365	2765
2815	1279	3071	2665	1384	2769
3071	1279	3071	2894	1406	2772
3327	1279	3071	3125	1429	2776
3583	1279	3071	3356	1454	2781
3839	1279	3071	3588	1481	2786
4095	1279	3071	3821	1510	2791
0	1535	3071	787	1528	2757
255	1535	3071	843	1529	2757
511	1535	3071	935	1531	2758
767	1535	3071	1066	1534	2758
1023	1535	3071	1226	1538	2759
1279	1535	3071	1408	1544	2760
1535	1535	3071	1604	1552	2762
1791	1535	3071	1810	1561	2764
2047	1535	3071	2023	1572	2766
2303	1535	3071	2241	1584	2768
2559	1535	3071	2463	1598	2771
2815	1535	3071	2688	1614	2774
3071	1535	3071	2914	1632	2778
3327	1535	3071	3143	1651	2782
3583	1535	3071	3373	1673	2787
3839	1535	3071	3603	1695	2792
4095	1535	3071	3835	1720	2797
0	1791	3071	897	1778	2765
255	1791	3071	946	1779	2765
511	1791	3071	1027	1780	2765
767	1791	3071	1146	1783	2766
1023	1791	3071	1295	1787	2767
1279	1791	3071	1467	1791	2768
1535	1791	3071	1654	1798	2769
1791	1791	3071	1853	1805	2771
2047	1791	3071	2061	1814	2773
2303	1791	3071	2275	1825	2776
2559	1791	3071	2493	1837	2778
2815	1791	3071	2714	1850	2782
3071	1791	3071	2938	1865	2785
3327	1791	3071	3165	1882	2789
3583	1791	3071	3393	1900	2794
3839	1791	3071	3622	1919	2799
4095	1791	3071	3852	1940	2804
0	2047	3071	1011	2029	2773
255	2047	3071	1054	2029	2773
511	2047	3071	1127	2031	2774
767	2047	3071	1234	2033	2774
1023	2047	3071	1372	2036	2775
1279	2047	3071	1533	2040	2776
1535	2047	3071	1712	2045	2778
1791	2047	3071	1904	2052	2780
2047	2047	3071	2105	2059	2782
2303	2047	3071	2314	2068	2784
2559	2047	3071	2528	2078	2787
2815	2047	3071	2746	2090	2790
3071	2047	3071	2967	2103	2794
3327	2047	3071	3191	2117	2798
3583	2047	3071	3416	2133	2802
3839	2047	3071	3643	2150	2807
4095	2047	3071	3872	2168	2813
0	2303	3071	1128	2280	2783
255	2303	3071	1166	2280	2784
511	2303	3071	1231	2281	2784
767	2303	3071	1329	2283	2784
1023	2303	3071	1456	2286	2785
1279	2303	3071	1608	2290	2786
1535	2303	3071	1777	2294	2788
1791	2303	3071	1961	2300	2790
2047	2303	3071	2156	2306	2792
2303	2303	3071	2359	2314	2794
2559	2303	3071	2568	2323	2797
2815	2303	3071	2782	2333	2800
3071	2303	3071	3000	2344	2804
3327	2303	3071	3220	2356	2808
3583	2303	3071	3444	2370	2812
3839	2303	3071	3669	2385	2817
4095	2303	3071	3895	2401	2823
0	2559	3071	1247	2531	2795
255	2559	3071	1282	2532	2795
511	2559	3071	1340	2533	2795
767	2559	3071	1429	2534	2796
1023	2559	3071	1547	2537	2797
1279	2559	3071	1688	2540	2798
1535	2559	3071	1849	2544	2799
1791	2559	3071	2025	2549	2801
2047	2559	3071	2213	2554	2803
2303	2559	3071	2410	2561	2806
2559	2559	3071	2614	2569	2809
2815	2559	3071	2823	2578	2812
3071	2559	3071	3037	2588	2815
3327	2559	3071	3255	2599	2819
3583	2559	3071	3475	2611	2824
3839	2559	3071	3697	2624	2829
4095	2559	3071	3922	2638	2834
0	2815	3071	1369	2783	2808
255	2815	3071	1399	2783	2808
511	2815	3071	1452	2784	2809
767	2815	3071	1533	2786	2809
1023	2815	3071	1642	2788	2810
1279	2815	3071	1774	2790	2811
1535	2815	3071	1926	2794	2813
1791	2815	3071	2094	2798	2814
2047	2815	3071	2275	2803	2816
2303	2815	3071	2466	2809	2819
2559	2815	3071	2664	2816	2822
2815	2815	3071	2869	2824	2825
3071	2815	3071	3079	2833	2828
3327	2815	3071	3293	2843	2832
3583	2815	3071	3510	2853	2837
3839	2815	3071	3730	2865	2842
4095	2815	3071	3952	2878	2847
0	3071	3071	1491	3035	2823
255	3071	3071	1519	3035	2823
511	3071	3071	1567	3036	2823
767	3071	3071	1641	3037	2824
1023	3071	3071	1742	3039	2825
1279	3071	3071	1865	3041	2826
1535	3071	3071	2009	3045	2827
1791	3071	3071	2169	3048	2829
2047	3071	3071	2342	3053	2831
2303	3071	3071	2527	3058	2833
2559	3071	3071	2720	3065	2836
2815	3071	3071	2919	3072	2839
3071	3071	3071	3125	3080	2843
3327	3071	3071	3335	3088	2847
3583	3071	3071	3549	3098	2851
3839	3071	3071	3766	3108	2856
4095	3071	3071	3985	3120	2861
0	3327	3071	1615	3287	2839
255	3327	3071	1640	3287	2839
511	3327	3071	1684	3288	2839
767	3327	3071	1752	3289	2840
1023	3327	3071	1845	3291	2841
1279	3327	3071	1961	3293	2842
1535	3327	3071	2096	3296	2843
1791	3327	3071	2249	3299	2845
2047	3327	3071	2415	3303	2847
2303	3327	3071	2593	3308	2850
2559	3327	3071	2780	3314	2852
2815	3327	3071	2974	3320	2855
3071	3327	3071	3175	3327	2859
3327	3327	3071	3381	3335	2863
3583	3327	3071	3592	3344	2867
3839	3327	3071	3805	3353	2872
4095	3327	3071	4022	3364	2877
0	3583	3071	1739	3539	2857
255	3583	3071	1762	3539	2857
511	3583	3071	1802	3540	2857
767	3583	3071	1865	3541	2858
1023	3583	3071	1952	3542	2859
1279	3583	3071	2060	3544	2860
1535	3583	3071	2188	3547	2861
1791	3583	3071	2333	3550	2863
2047	3583	3071	2492	3554	2865
2303	3583	3071	2663	3558	2867
2559	3583	3071	2844	3563	2870
2815	3583	3071	3034	3569	2873
3071	3583	3071	3230	3575	2877
3327	3583	3071	3432	3583	2881
3583	3583	3071	3638	3591	2885
3839	3583	3071	3848	3599	2890
4095	3583	3071	4062	3609	2895
0	3839	3071	1864	3791	2876
255	3839	3071	1885	3791	2876
511	3839	3071	1922	3792	2877
767	3839	3071	1981	3793	2877
1023	3839	3071	2061	3794	2878
1279	3839	3071	2162	3796	2879
1535	3839	3071	2283	3798	2880
1791	3839	3071	2421	3801	2882
2047	3839	3071	2573	3805	2884
2303	3839	3071	2738	3809	2887
2559	3839	3071	2913	3813	2889
2815	3839	3071	3097	3819	2892
3071	3839	3071	3288	3825	2896
3327	3839	3071	3486	3831	2900
3583	3839	3071	3688	3838	2904
3839	3839	3071	3895	3846	2909
4095	3839	3071	4095	3845	2906
0	4095	3071	1990	4043	2897
255	4095	3071	2009	4043	2897
511	4095	3071	2043	4044	2898
767	4095	3071	2098	4045	2898
1023	4095	3071	2173	4046	2899
1279	4095	3071	2268	4048	2900
1535	4095	3071	2382	4050	2901
1791	4095	3071	2513	4053	2903
2047	4095	3071	2658	4056	2905
2303	4095	3071	2817	4059	2907
2559	4095	3071	2986	4064	2910
2815	4095	3071	3165	4069	2913
3071	4095	3071	3351	4074	2917
3327	4095	3071	3544	4080	2920
3583	4095	3071	3742	4087	2925
3839	4095	3071	3945	4094	2929
4095	4095	3071	4095	4046	2894
0	0	3327	410	159	2968
255	0	3327	511	167	2969
511	0	3327	654	182	2969
767	0	3327	835	205	2969
1023	0	3327	1038	236	2970
1279	0	3327	1252	272	2971
1535	0	3327	1473	314	2973
1791	0	3327	1698	359	2974
2047	0	3327	1927	408	2976
2303	0	3327	2157	459	2978
2559	0	3327	2389	511	2981
2815	0	3327	2622	566	2984
3071	0	3327	2855	621	2987
3327	0	3327	3089	677	2991
3583	0	3327	3324	734	2995
3839	0	3327	3559	792	3000
4095	0	3327	3794	850	3005
0	255	3327	435	352	2969
255	255	3327	531	357	2969
511	255	3327	670	365	2970
767	255	3327	848	379	2970
1023	255	3327	1048	399	2971
1279	255	3327	1260	423	2972
1535	255	3327	1479	453	2973
1791	255	3327	1704	486	2975
2047	255	3327	1932	524	2977
2303	255	3327	2161	565	2979
2559	255	3327	2393	609	2982
2815	255	3327	2625	655	2985
3071	255	3327	2858	703	2988
3327	255	3327	3092	753	2992
3583	255	3327	3326	804	2996
3839	255	3327	3561	857	3000
4095	255	3327	3796	911	3005
0	511	3327	477	563	2971
255	511	3327	567	566	2971
511	511	3327	699	572	2971
767	511	3327	870	581	2972
1023	511	3327	1065	594	2972
1279	511	3327	1274	611	2973
1535	511	3327	1491	632	2975
1791	511	3327	1714	657	2976
2047	511	3327	1940	685	2978
2303	511	3327	2169	717	2981
2559	511	3327	2399	751	2983
2815	511	3327	2631	789	2986
3071	511	3327	2863	829	2989
3327	511	3327	3097	871	2993
3583	511	3327	3331	915	2997
3839	511	3327	3565	961	3002
4095	511	3327	3800	1008	3007
0	767	3327	540	796	2973
255	767	3327	620	798	2973
511	767	3327	742	802	2973
767	767	3327	905	809	2974
1023	767	3327	1093	818	2975
1279	767	3327	1296	830	2976
1535	767	3327	1510	845	2977
1791	767	3327	1730	864	2979
2047	767	3327	1954	885	2981
2303	767	3327	2180	909	2983
2559	767	3327	2409	936	2985
2815	767	3327	2640	966	2988
3071	767	3327	2872	998	2992
3327	767	3327	3104	1032	2995
3583	767	3327	3337	1069	2999
3839	767	3327	3571	1108	3004
4095	767	3327	3805	1148	3009
0	1023	3327	618	1037	2976
255	1023	3327	689	1039	2976
511	1023	3327	800	1042	2976
767	1023	3327	952	1047	2977
1023	1023	3327	1131	1054	2978
1279	1023	3327	1328	1063	2979
1535	1023	3327	1536	1075	2980
1791	1023	3327	1752	1089	2982
2047	1023	3327	1973	1105	2984
2303	1023	3327	2197	1124	2986
2559	1023	3327	2424	1145	2989
2815	1023	3327	2653	1169	2992
3071	1023	3327	2883	1195	2995
3327	1023	3327	3115	1223	2999
3583	1023	3327	3347	1253	3003
3839	1023	3327	3580	1285	3007
4095	1023	3327	3814	1320	3012
0	1279	3327	709	1283	2980
255	1279	3327	772	1284	2980
511	1279	3327	872	1287	2981
767	1279	3327	1012	1291	2981
1023	1279	3327	1180	1296	2982
1279	1279	3327	1369	1303	2983
1535	1279	3327	1571	1312	2984
1791	1279	3327	1782	1323	2986
2047	1279	3327	1998	1336	2988
2303	1279	3327	2220	1352	2990
2559	1279	3327	2444	1369	2993
2815	1279	3327	2671	1388	2996
3071	1279	3327	2899	1409	2999
3327	1279	3327	3129	1432	3003
3583	1279	3327	3360	1458	3007
3839	1279	3327	3592	1485	3011
4095	1279	3327	3824	1514	3016
0	1535	3327	809	1531	2986
255	1535	3327	864	1532	2986
511	1535	3327	953	1534	2986
767	1535	3327	1082	1537	2987
1023	1535	3327	1240	1542	2987
1279	1535	3327	1419	1547	2988
1535	1535	3327	1613	1555	2990
1791	1535	3327	1818	1564	2991
2047	1535	3327	2030	1575	2993
2303	1535	3327	2247	1587	2996
2559	1535	3327	2469	1601	2998
2815	1535	3327	2693	1617	3001
3071	1535	3327	2919	1635	3004
3327	1535	3327	3147	1654	3008
3583	1535	3327	3376	1675	3012
3839	1535	3327	3607	1698	3017
4095	1535	3327	3838	1723	3021
0	1791	3327	916	1780	2992
255	1791	3327	964	1781	2992
511	1791	3327	1044	1783	2993
767	1791	3327	1161	1786	2993
1023	1791	3327	1308	1789	2994
1279	1791	3327	1478	1794	2995
1535	1791	3327	1664	1800	2996
1791	1791	3327	1862	1808	2998
2047	1791	3327	2068	1817	3000
2303	1791	3327	2281	1827	3002
2559	1791	3327	2498	1839	3005
2815	1791	3327	2719	1852	3008
3071	1791	3327	2943	1867	3011
3327	1791	3327	3169	1884	3015
3583	1791	3327	3396	1902	3019
3839	1791	3327	3625	1922	3023
4095	1791	3327	3855	1943	3028
0	2047	3327	1028	2031	3000
255	2047	3327	1070	2031	3000
511	2047	3327	1142	2033	3000
767	2047	3327	1248	2035	3001
1023	2047	3327	1384	2038	3002
1279	2047	3327	1544	2042	3003
1535	2047	3327	1721	2047	3004
1791	2047	3327	1912	2054	3006
2047	2047	3327	2112	2062	3008
2303	2047	3327	2320	2070	3010
2559	2047	3327	2533	2081	3012
2815	2047	3327	2751	2092	3015
3071	2047	3327	2971	2105	3019
3327	2047	3327	3195	2119	3022
3583	2047	3327	3420	2135	3026
3839	2047	3327	3647	2152	3031
4095	2047	3327	3875	2170	3036
0	2303	3327	1143	2282	3009
255	2303	3327	1181	2282	3009
511	2303	3327	1245	2283	3010
767	2303	3327	1342	2285	3010
1023	2303	3327	1468	2288	3011
1279	2303	3327	1617	2291	3012
1535	2303	3327	1786	2296	3013
1791	2303	3327	1969	2302	3015
2047	2303	3327	2163	2308	3017
2303	2303	3327	2365	2316	3019
2559	2303	3327	2574	2325	3022
2815	2303	3327	2787	2335	3024
3071	2303	3327	3004	2346	3028
3327	2303	3327	3225	2358	3031
3583	2303	3327	3447	2372	3035
3839	2303	3327	3672	2387	3040
4095	2303	3327	3898	2403	3045
0	2559	3327	1261	2533	3020
255	2559	3327	1294	2533	3020
511	2559	3327	1352	2534	3020
767	2559	3327	1440	2536	3021
1023	2559	3327	1557	2538	3021
1279	2559	3327	1697	2541	3022
1535	2559	3327	1857	2545	3024
1791	2559	3327	2032	2550	3025
2047	2559	3327	2219	2556	3027
2303	2559	3327	2416	2563	3029
2559	2559	3327	2619	2571	3032
2815	2559	3327	2828	2579	3035
3071	2559	3327	3042	2589	3038
3327	2559	3327	3259	2600	3042
3583	2559	3327	3478	2612	3046
3839	2559	3327	3701	2625	3050
4095	2559	3327	3925	2640	3055
0	2815	3327	1381	2784	3031
255	2815	3327	1411	2785	3032
511	2815	3327	1463	2786	3032
767	2815	3327	1544	2787	3032
1023	2815	3327	1652	2789	3033
1279	2815	3327	1783	2792	3034
1535	2815	3327	1934	2795	3036
1791	2815	3327	2101	2800	3037
2047	2815	3327	2281	2805	3039
2303	2815	3327	2471	2811	3041
2559	2815	3327	2669	2818	3044
2815	2815	3327	2874	2826	3047
3071	2815	3327	3083	2834	3050
3327	2815	3327	3297	2844	3053
3583	2815	3327	3513	2855	3057
3839	2815	3327	3733	2867	3062
4095	2815	3327	3955	2879	3067
0	3071	3327	1502	3036	3045
255	3071	3327	1529	3036	3045
511	3071	3327	1577	3037	3045
767	3071	3327	1651	3038	3046
1023	3071	3327	1751	3040	3046
1279	3071	3327	1874	3043	3047
1535	3071	3327	2016	3046	3049
1791	3071	3327	2176	3050	3050
2047	3071	3327	2349	3054	3052
2303	3071	3327	2532	3060	3054
2559	3071	3327	2725	3066	3057
2815	3071	3327	2924	3073	3060
3071	3071	3327	3129	3081	3063
3327	3071	3327	3339	3090	3067
3583	3071	3327	3552	3099	3071
3839	3071	3327	3769	3110	3075
4095	3071	3327	3988	3121	3080
0	3327	3327	1624	3288	3059
255	3327	3327	1649	3288	3060
511	3327	3327	1693	3289	3060
767	3327	3327	1761	3290	3060
1023	3327	3327	1853	3292	3061
1279	3327	3327	1968	3294	3062
1535	3327	3327	2103	3297	3063
1791	3327	3327	2255	3300	3065
2047	3327	3327	2421	3304	3067
2303	3327	3327	2598	3309	3069
2559	3327	3327	2785	3315	3072
2815	3327	3327	2979	3321	3074
3071	3327	3327	3179	3328	3078
3327	3327	3327	3385	3336	3081
3583	3327	3327	3595	3345	3085
3839	3327	3327	3808	3354	3089
4095	3327	3327	4025	3365	3094
0	3583	3327	1748	3540	3076
255	3583	3327	1771	3540	3076
511	3583	3327	1811	3541	3076
767	3583	3327	1874	3542	3077
1023	3583	3327	1959	3543	3077
1279	3583	3327	2067	3545	3078
1535	3583	3327	2195	3548	3080
1791	3583	3327	2339	3551	3081
2047	3583	3327	2498	3555	3083
2303	3583	3327	2668	3559	3085
2559	3583	3327	2849	3564	3088
2815	3583	3327	3038	3570	3090
3071	3583	3327	3234	3577	3094
3327	3583	3327	3435	3584	3097
3583	3583	3327	3642	3592	3101
3839	3583	3327	3852	3600	3105
4095	3583	3327	4065	3610	3110
0	3839	3327	1872	3792	3093
255	3839	3327	1893	3792	3093
511	3839	3327	1930	3793	3094
767	3839	3327	1988	3794	3094
1023	3839	3327	2068	3795	3095
1279	3839	3327	2169	3797	3096
1535	3839	3327	2289	3799	3097
1791	3839	3327	2427	3802	3099
2047	3839	3327	2579	3806	3101
2303	3839	3327	2743	3810	3103
2559	3839	3327	2918	3814	3105
2815	3839	3327	3101	3820	3108
3071	3839	3327	3292	3825	3111
3327	3839	3327	3489	3832	3115
3583	3839	3327	3692	3839	3119
3839	3839	3327	3898	3847	3123
4095	3839	3327	4095	3843	3117
0	4095	3327	1997	4044	3112
255	4095	3327	2017	4044	3112
511	4095	3327	2051	4045	3113
767	4095	3327	2105	4046	3113
1023	4095	3327	2179	4047	3114
1279	4095	3327	2274	4049	3115
1535	4095	3327	2388	4051	3116
1791	4095	3327	2518	4053	3118
2047	4095	3327	2663	4057	3120
2303	4095	3327	2822	4060	3122
2559	4095	3327	2990	4065	3124
2815	4095	3327	3169	4069	3127
3071	4095	3327	3355	4075	3130
3327	4095	3327	3547	4081	3134
3583	4095	3327	3745	4088	3137
3839	4095	3327	3948	4095	3142
4095	4095	3327	4095	4044	3101
0	0	3583	455	186	3199
255	0	3583	548	194	3199
511	0	3583	684	208	3199
767	0	3583	858	229	3200
1023	0	3583	1056	257	3200
1279	0	3583	1266	292	3201
1535	0	3583	1485	331	3202
1791	0	3583	1709	375	3204
2047	0	3583	1936	422	3206
2303	0	3583	2165	471	3208
2559	0	3583	2396	523	3210
2815	0	3583	2628	576	3213
3071	0	3583	2861	631	3216
3327	0	3583	3094	686	3219
3583	0	3583	3328	742	3223
3839	0	3583	3563	799	3227
4095	0	3583	3798	857	3231
0	255	3583	479	368	3199
255	255	3583	568	373	3199
511	255	3583	700	381	3200
767	255	3583	871	395	3200
1023	255	3583	1066	413	3201
1279	255	3583	1274	437	3202
1535	255	3583	1491	466	3203
1791	255	3583	1714	499	3205
2047	255	3583	1940	535	3206
2303	255	3583	2169	576	3208
2559	255	3583	2399	619	3211
2815	255	3583	2631	664	3213
3071	255	3583	2863	712	3216
3327	255	3583	3097	761	3220
3583	255	3583	3331	812	3224
3839	255	3583	3565	864	3228
4095	255	3583	3800	917	3232
0	511	3583	517	574	3200
255	511	3583	601	577	3201
511	511	3583	727	582	3201
767	511	3583	892	592	3201
1023	511	3583	1083	604	3202
1279	511	3583	1288	621	3203
1535	511	3583	1503	642	3204
1791	511	3583	1724	666	3206
2047	511	3583	1949	694	3208
2303	511	3583	2176	725	3210
2559	511	3583	2406	759	3212
2815	511	3583	2637	796	3215
3071	511	3583	2869	836	3218
3327	511	3583	3101	878	3221
3583	511	3583	3335	921	3225
3839	511	3583	3569	967	3229
4095	511	3583	3803	1014	3233
0	767	3583	575	803	3202
255	767	3583	652	805	3203
511	767	3583	768	809	3203
767	767	3583	926	816	3203
1023	767	3583	1110	825	3204
1279	767	3583	1311	837	3205
1535	767	3583	1522	852	3206
1791	767	3583	1740	870	3208
2047	767	3583	1962	891	3210
2303	767	3583	2188	915	3212
2559	767	3583	2416	942	3214
2815	767	3583	2646	971	3217
3071	767	3583	2877	1003	3220
3327	767	3583	3109	1038	3223
3583	767	3583	3342	1074	3227
3839	767	3583	3575	1113	3231
4095	767	3583	3809	1153	3235
0	1023	3583	650	1043	3205
255	1023	3583	718	1045	3206
511	1023	3583	825	1047	3206
767	1023	3583	972	1052	3206
1023	1023	3583	1148	1059	3207
1279	1023	3583	1342	1068	3208
1535	1023	3583	1548	1080	3209
1791	1023	3583	1762	1094	3211
2047	1023	3583	1981	1110	3212
2303	1023	3583	2205	1129	3214
2559	1023	3583	2431	1150	3217
2815	1023	3583	2659	1173	3220
3071	1023	3583	2889	1199	3223
3327	1023	3583	3120	1227	3226
3583	1023	3583	3351	1258	3230
3839	1023	3583	3584	1290	3234
4095	1023	3583	3817	1324	3238
0	1279	3583	737	1287	3209
255	1279	3583	797	1289	3209
511	1279	3583	894	1291	3210
767	1279	3583	1030	1295	3210
1023	1279	3583	1196	1300	3211
1279	1279	3583	1382	1307	3212
1535	1279	3583	1582	1316	3213
1791	1279	3583	1791	1328	3215
2047	1279	3583	2007	1341	3216
2303	1279	3583	2227	1356	3218
2559	1279	3583	2450	1373	3221
2815	1279	3583	2676	1392	3223
3071	1279	3583	2904	1413	3226
3327	1279	3583	3134	1436	3230
3583	1279	3583	3364	1461	3233
3839	1279	3583	3596	1488	3238
4095	1279	3583	3828	1517	3242
0	1535	3583	833	1535	3214
255	1535	3583	886	1536	3214
511	1535	3583	973	1538	3215
767	1535	3583	1099	1541	3215
1023	1535	3583	1254	1545	3216
1279	1535	3583	1432	1551	3217
1535	1535	3583	1624	1558	3218
1791	1535	3583	1827	1567	3219
2047	1535	3583	2038	1578	3221
2303	1535	3583	2255	1590	3223
2559	1535	3583	2475	1604	3226
2815	1535	3583	2698	1620	3228
3071	1535	3583	2924	1638	3231
3327	1535	3583	3152	1657	3235
3583	1535	3583	3381	1678	3238
3839	1535	3583	3611	1701	3242
4095	1535	3583	3842	1726	3247
0	1791	3583	937	1783	3220
255	1791	3583	984	1784	3220
511	1791	3583	1062	1786	3221
767	1791	3583	1177	1788	3221
1023	1791	3583	1322	1792	3222
1279	1791	3583	1490	1797	3223
1535	1791	3583	1674	1803	3224
1791	1791	3583	1871	1811	3225
2047	1791	3583	2076	1820	3227
2303	1791	3583	2288	1830	3229
2559	1791	3583	2505	1842	3231
2815	1791	3583	2725	1855	3234
3071	1791	3583	2948	1870	3237
3327	1791	3583	3173	1887	3240
3583	1791	3583	3401	1905	3244
3839	1791	3583	3629	1924	3248
4095	1791	3583	3859	1945	3253
0	2047	3583	1046	2033	3227
255	2047	3583	1088	2034	3227
511	2047	3583	1158	2035	3228
767	2047	3583	1263	2037	3228
1023	2047	3583	1397	2041	3229
1279	2047	3583	1555	2045	3230
1535	2047	3583	1731	2050	3231
1791	2047	3583	1921	2056	3232
2047	2047	3583	2120	2064	3234
2303	2047	3583	2327	2073	3236
2559	2047	3583	2540	2083	3239
2815	2047	3583	2756	2094	3241
3071	2047	3583	2976	2107	3244
3327	2047	3583	3199	2122	3248
3583	2047	3583	3424	2137	3251
3839	2047	3583	3651	2154	3255
4095	2047	3583	3879	2172	3260
0	2303	3583	1159	2284	3236
255	2303	3583	1196	2284	3236
511	2303	3583	1259	2285	3236
767	2303	3583	1355	2287	3236
1023	2303	3583	1480	2290	3237
1279	2303	3583	1628	2294	3238
1535	2303	3583	1796	2298	3239
1791	2303	3583	1978	2304	3241
2047	2303	3583	2170	2310	3242
2303	2303	3583	2372	2318	3244
2559	2303	3583	2580	2327	3247
2815	2303	3583	2792	2337	3249
3071	2303	3583	3009	2348	3252
3327	2303	3583	3229	2360	3256
3583	2303	3583	3451	2374	3259
3839	2303	3583	3676	2389	3263
4095	2303	3583	3902	2405	3268
0	2559	3583	1275	2535	3245
255	2559	3583	1309	2535	3245
511	2559	3583	1366	2536	3245
767	2559	3583	1453	2538	3246
1023	2559	3583	1568	2540	3247
1279	2559	3583	1708	2543	3248
1535	2559	3583	1866	2547	3249
1791	2559	3583	2040	2552	3250
2047	2559	3583	2227	2558	3252
2303	2559	3583	2422	2565	3254
2559	2559	3583	2625	2572	3256
2815	2559	3583	2833	2581	3259
3071	2559	3583	3046	2591	3262
3327	2559	3583	3263	2602	3265
3583	2559	3583	3483	2614	3269
3839	2559	3583	3704	2627	3273
4095	2559	3583	3928	2641	3277
0	2815	3583	1394	2786	3256
255	2815	3583	1424	2786	3256
511	2815	3583	1475	2787	3256
767	2815	3583	1555	2789	3257
1023	2815	3583	1662	2791	3257
1279	2815	3583	1793	2794	3258
1535	2815	3583	1943	2797	3260
1791	2815	3583	2109	2801	3261
2047	2815	3583	2288	2806	3263
2303	2815	3583	2478	2812	3265
2559	2815	3583	2675	2819	3267
2815	2815	3583	2879	2827	3270
3071	2815	3583	3088	2836	3273
3327	2815	3583	3301	2846	3276
3583	2815	3583	3518	2856	3280
3839	2815	3583	3737	2868	3284
4095	2815	3583	3958	2881	3288
0	3071	3583	1514	3037	3268
255	3071	3583	1541	3038	3268
511	3071	3583	1588	3039	3268
767	3071	3583	1661	3040	3269
1023	3071	3583	1760	3042	3270
1279	3071	3583	1883	3044	3270
1535	3071	3583	2025	3047	3272
1791	3071	3583	2183	3051	3273
2047	3071	3583	2355	3056	3275
2303	3071	3583	2538	3061	3277
2559	3071	3583	2730	3067	3279
2815	3071	3583	2929	3074	3282
3071	3071	3583	3134	3082	3285
3327	3071	3583	3343	3091	3288
3583	3071	3583	3556	3101	3292
3839	3071	3583	3773	3111	3296
4095	3071	3583	3991	3123	3300
0	3327	3583	1635	3289	3281
255	3327	3583	1660	3289	3282
511	3327	3583	1703	3290	3282
767	3327	3583	1771	3291	3282
1023	3327	3583	1863	3293	3283
1279	3327	3583	1977	3295	3284
1535	3327	3583	2111	3298	3285
1791	3327	3583	2262	3302	3286
2047	3327	3583	2427	3306	3288
2303	3327	3583	2604	3311	3290
2559	3327	3583	2790	3316	3292
2815	3327	3583	2984	3322	3295
3071	3327	3583	3184	3330	3298
3327	3327	3583	3389	3337	3301
3583	3327	3583	3599	3346	3305
3839	3327	3583	3812	3356	3309
4095	3327	3583	4028	3366	3313
0	3583	3583	1758	3541	3296
255	3583	3583	1780	3541	3296
511	3583	3583	1820	3542	3297
767	3583	3583	1883	3543	3297
1023	3583	3583	1968	3545	3298
1279	3583	3583	2075	3547	3299
1535	3583	3583	2202	3549	3300
1791	3583	3583	2346	3552	3301
2047	3583	3583	2504	3556	3303
2303	3583	3583	2674	3560	3305
2559	3583	3583	2854	3566	3307
2815	3583	3583	3043	3571	3310
3071	3583	3583	3238	3578	3313
3327	3583	3583	3439	3585	3316
3583	3583	3583	3645	3593	3319
3839	3583	3583	3855	3602	3323
4095	3583	3583	4068	3611	3328
0	3839	3583	1881	3793	3312
255	3839	3583	1902	3793	3312
511	3839	3583	1939	3794	3313
767	3839	3583	1997	3795	3313
1023	3839	3583	2076	3796	3314
1279	3839	3583	2177	3798	3315
1535	3839	3583	2296	3800	3316
1791	3839	3583	2433	3803	3317
2047	3839	3583	2585	3807	3319
2303	3839	3583	2748	3811	3321
2559	3839	3583	2923	3815	3323
2815	3839	3583	3106	3821	3326
3071	3839	3583	3297	3827	3329
3327	3839	3583	3493	3833	3332
3583	3839	3583	3695	3840	3335
3839	3839	3583	3902	3848	3339
4095	3839	3583	4095	3841	3330
0	4095	3583	2005	4045	3330
255	4095	3583	2025	4045	3330
511	4095	3583	2059	4046	3330
767	4095	3583	2112	4047	3331
1023	4095	3583	2187	4048	3331
1279	4095	3583	2281	4050	3332
1535	4095	3583	2394	4052	3333
1791	4095	3583	2524	4054	3335
2047	4095	3583	2669	4058	3336
2303	4095	3583	2827	4061	3338
2559	4095	3583	2995	4066	3341
2815	4095	3583	3173	4070	3343
3071	4095	3583	3359	4076	3346
3327	4095	3583	3551	4082	3349
3583	4095	3583	3749	4089	3353
3839	4095	3583	3951	4095	3356
4095	4095	3583	4095	4041	3310
0	0	3839	501	214	3429
255	0	3839	587	221	3429
511	0	3839	715	234	3429
767	0	3839	883	253	3430
1023	0	3839	1075	280	3430
1279	0	3839	1282	312	3431
1535	0	3839	1498	350	3432
1791	0	3839	1720	392	3434
2047	0	3839	1945	437	3435
2303	0	3839	2173	485	3437
2559	0	3839	2403	535	3439
2815	0	3839	2634	587	3442
3071	0	3839	2866	641	3444
3327	0	3839	3099	696	3448
3583	0	3839	3333	751	3451
3839	0	3839	3567	808	3455
4095	0	3839	3802	865	3459
0	255	3839	522	385	3429
255	255	3839	605	389	3429
511	255	3839	730	398	3430
767	255	3839	895	411	3430
1023	255	3839	1085	429	3431
1279	255	3839	1290	452	3432
1535	255	3839	1505	479	3433
1791	255	3839	1725	512	3434
2047	255	3839	1950	548	3436
2303	255	3839	2177	587	3438
2559	255	3839	2406	629	3440
2815	255	3839	2637	674	3442
3071	255	3839	2869	721	3445
3327	255	3839	3102	769	3448
3583	255	3839	3335	820	3452
3839	255	3839	3569	871	3455
4095	255	3839	3804	924	3459
0	511	3839	558	585	3430
255	511	3839	637	588	3431
511	511	3839	756	594	3431
767	511	3839	916	603	3431
1023	511	3839	1102	615	3432
1279	511	3839	1304	632	3433
1535	511	3839	1516	652	3434
1791	511	3839	1735	676	3435
2047	511	3839	1958	703	3437
2303	511	3839	2184	734	3439
2559	511	3839	2413	768	3441
2815	511	3839	2643	804	3443
3071	511	3839	2874	844	3446
3327	511	3839	3107	885	3449
3583	511	3839	3340	928	3453
3839	511	3839	3573	974	3456
4095	511	3839	3807	1020	3460
0	767	3839	612	811	3432
255	767	3839	684	813	3432
511	767	3839	796	817	3433
767	767	3839	949	824	3433
1023	767	3839	1128	833	3434
1279	767	3839	1326	845	3435
1535	767	3839	1534	860	3436
1791	767	3839	1750	878	3437
2047	767	3839	1971	898	3439
2303	767	3839	2196	922	3441
2559	767	3839	2423	949	3443
2815	767	3839	2652	978	3445
3071	767	3839	2883	1010	3448
3327	767	3839	3114	1044	3451
3583	767	3839	3346	1080	3454
3839	767	3839	3579	1118	3458
4095	767	3839	3813	1158	3462
0	1023	3839	682	1049	3435
255	1023	3839	747	1050	3435
511	1023	3839	850	1053	3435
767	1023	3839	994	1058	3436
1023	1023	3839	1166	1065	3436
1279	1023	3839	1357	1074	3437
1535	1023	3839	1560	1086	3438
1791	1023	3839	1773	1099	3440
2047	1023	3839	1991	1116	3441
2303	1023	3839	2213	1134	3443
2559	1023	3839	2438	1155	3445
2815	1023	3839	2665	1179	3448
3071	1023	3839	2894	1204	3451
3327	1023	3839	3125	1232	3454
3583	1023	3839	3356	1262	3457
3839	1023	3839	3588	1294	3461
4095	1023	3839	3821	1328	3465
0	1279	3839	766	1292	3438
255	1279	3839	823	1293	3439
511	1279	3839	917	1296	3439
767	1279	3839	1050	1299	3439
1023	1279	3839	1213	1305	3440
1279	1279	3839	1397	1312	3441
1535	1279	3839	1594	1321	3442
1791	1279	3839	1802	1332	3443
2047	1279	3839	2016	1345	3445
2303	1279	3839	2235	1360	3447
2559	1279	3839	2457	1377	3449
2815	1279	3839	2683	1396	3451
3071	1279	3839	2910	1417	3454
3327	1279	3839	3139	1440	3457
3583	1279	3839	3369	1465	3461
3839	1279	3839	3600	1492	3464
4095	1279	3839	3832	1521	3468
0	1535	3839	859	1538	3443
255	1535	3839	910	1539	3443
511	1535	3839	995	1541	3443
767	1535	3839	1118	1544	3444
1023	1535	3839	1270	1549	3444
1279	1535	3839	1445	1555	3445
1535	1535	3839	1636	1562	3446
1791	1535	3839	1838	1571	3448
2047	1535	3839	2047	1582	3449
2303	1535	3839	2262	1594	3451
2559	1535	3839	2482	1608	3453
2815	1535	3839	2705	1624	3456
3071	1535	3839	2930	1641	3459
3327	1535	3839	3157	1661	3462
3583	1535	3839	3385	1682	3465
3839	1535	3839	3615	1705	3469
4095	1535	3839	3846	1729	3473
0	1791	3839	959	1787	3448
255	1791	3839	1005	1787	3449
511	1791	3839	1082	1789	3449
767	1791	3839	1194	1791	3449
1023	1791	3839	1337	1795	3450
1279	1791	3839	1503	1800	3451
1535	1791	3839	1685	1806	3452
1791	1791	3839	1881	1814	3453
2047	1791	3839	2085	1823	3455
2303	1791	3839	2296	1833	3457
2559	1791	3839	2511	1845	3459
2815	1791	3839	2731	1858	3461
3071	1791	3839	2954	1873	3464
3327	1791	3839	3178	1890	3467
3583	1791	3839	3405	1908	3470
3839	1791	3839	3633	1927	3474
4095	1791	3839	3863	1948	3478
0	2047	3839	1066	2036	3455
255	2047	3839	1107	2037	3455
511	2047	3839	1175	2038	3455
767	2047	3839	1279	2040	3456
1023	2047	3839	1411	2043	3456
1279	2047	3839	1568	2047	3457
1535	2047	3839	1742	2053	3458
1791	2047	3839	1930	2059	3460
2047	2047	3839	2129	2067	3461
2303	2047	3839	2335	2075	3463
2559	2047	3839	2546	2086	3465
2815	2047	3839	2762	2097	3468
3071	2047	3839	2982	2110	3470
3327	2047	3839	3204	2124	3474
3583	2047	3839	3429	2140	3477
3839	2047	3839	3655	2156	3481
4095	2047	3839	3882	2175	3485
0	2303	3839	1177	2286	3462
255	2303	3839	1213	2287	3463
511	2303	3839	1275	2288	3463
767	2303	3839	1370	2290	3463
1023	2303	3839	1493	2292	3464
1279	2303	3839	1640	2296	3465
1535	2303	3839	1806	2300	3466
1791	2303	3839	1987	2306	3467
2047	2303	3839	2179	2312	3469
2303	2303	3839	2379	2320	3471
2559	2303	3839	2586	2329	3473
2815	2303	3839	2798	2339	3475
3071	2303	3839	3015	2350	3478
3327	2303	3839	3234	2363	3481
3583	2303	3839	3456	2376	3484
3839	2303	3839	3680	2391	3488
4095	2303	3839	3906	2407	3492
0	2559	3839	1291	2537	3471
255	2559	3839	1324	2537	3471
511	2559	3839	1380	2538	3472
767	2559	3839	1466	2540	3472
1023	2559	3839	1581	2542	3473
1279	2559	3839	1719	2545	3474
1535	2559	3839	1876	2549	3475
1791	2559	3839	2049	2554	3476
2047	2559	3839	2235	2560	3478
2303	2559	3839	2429	2567	3479
2559	2559	3839	2631	2574	3482
2815	2559	3839	2839	2583	3484
3071	2559	3839	3052	2593	3487
3327	2559	3839	3268	2604	3490
3583	2559	3839	3487	2616	3493
3839	2559	3839	3709	2629	3497
4095	2559	3839	3932	2643	3501
0	2815	3839	1408	2788	3481
255	2815	3839	1437	2788	3481
511	2815	3839	1489	2789	3482
767	2815	3839	1568	2790	3482
1023	2815	3839	1674	2793	3483
1279	2815	3839	1803	2795	3483
1535	2815	3839	1952	2799	3485
1791	2815	3839	2118	2803	3486
2047	2815	3839	2296	2808	3487
2303	2815	3839	2485	2814	3489
2559	2815	3839	2681	2821	3491
2815	2815	3839	2885	2829	3494
3071	2815	3839	3093	2838	3497
3327	2815	3839	3306	2847	3500
3583	2815	3839	3522	2858	3503
3839	2815	3839	3741	2870	3507
4095	2815	3839	3962	2882	3511
0	3071	3839	1527	3039	3492
255	3071	3839	1553	3039	3492
511	3071	3839	1600	3040	3493
767	3071	3839	1673	3041	3493
1023	3071	3839	1771	3043	3494
1279	3071	3839	1892	3046	3495
1535	3071	3839	2034	3049	3496
1791	3071	3839	2191	3053	3497
2047	3071	3839	2363	3057	3498
2303	3071	3839	2545	3063	3500
2559	3071	3839	2736	3069	3502
2815	3071	3839	2935	3076	3505
3071	3071	3839	3139	3084	3508
3327	3071	3839	3348	3093	3511
3583	3071	3839	3561	3102	3514
3839	3071	3839	3777	3113	3518
4095	3071	3839	3995	3124	3521
0	3327	3839	1647	3290	3504
255	3327	3839	1671	3291	3505
511	3327	3839	1714	3292	3505
767	3327	3839	1781	3293	3505
1023	3327	3839	1873	3294	3506
1279	3327	3839	1986	3297	3507
1535	3327	3839	2120	3300	3508
1791	3327	3839	2270	3303	3509
2047	3327	3839	2434	3307	3511
2303	3327	3839	2610	3312	3513
2559	3327	3839	2796	3318	3515
2815	3327	3839	2989	3324	3517
3071	3327	3839	3189	3331	3520
3327	3327	3839	3394	3339	3523
3583	3327	3839	3603	3348	3526
3839	3327	3839	3816	3357	3530
4095	3327	3839	4032	3367	3534
0	3583	3839	1768	3542	3518
255	3583	3839	1791	3543	3518
511	3583	3839	1830	3543	3518
767	3583	3839	1892	3544	3519
1023	3583	3839	1977	3546	3519
1279	3583	3839	2084	3548	3520
1535	3583	3839	2210	3550	3521
1791	3583	3839	2353	3554	3523
2047	3583	3839	2511	3557	3524
2303	3583	3839	2680	3562	3526
2559	3583	3839	2860	3567	3528
2815	3583	3839	3048	3573	3531
3071	3583	3839	3243	3579	3533
3327	3583	3839	3444	3586	3536
3583	3583	3839	3650	3594	3539
3839	3583	3839	3859	3603	3543
4095	3583	3839	4072	3612	3547
0	3839	3839	1891	3794	3533
255	3839	3839	1912	3794	3533
511	3839	3839	1948	3795	3533
767	3839	3839	2006	3796	3534
1023	3839	3839	2085	3797	3534
1279	3839	3839	2185	3799	3535
1535	3839	3839	2304	3802	3536
1791	3839	3839	2440	3804	3537
2047	3839	3839	2591	3808	3539
2303	3839	3839	2755	3812	3541
2559	3839	3839	2928	3817	3543
2815	3839	3839	3111	3822	3545
3071	3839	3839	3302	3828	3548
3327	3839	3839	3498	3834	3551
3583	3839	3839	3700	3842	3554
3839	3839	3839	3906	3849	3558
4095	3839	3839	4095	3839	3544
0	4095	3839	2015	4046	3549
255	4095	3839	2034	4046	3549
511	4095	3839	2067	4047	3549
767	4095	3839	2121	4048	3550
1023	4095	3839	2195	4049	3550
1279	4095	3839	2289	4051	3551
1535	4095	3839	2402	4053	3552
1791	4095	3839	2531	4056	3554
2047	4095	3839	2676	4059	3555
2303	4095	3839	2833	4062	3557
2559	4095	3839	3001	4067	3559
2815	4095	3839	3178	4072	3561
3071	4095	3839	3364	4077	3564
3327	4095	3839	3556	4083	3567
3583	4095	3839	3753	4090	3570
3839	4095	3839	3954	4095	3572
4095	4095	3839	4095	4039	3520
0	0	4095	547	242	3659
255	0	4095	627	248	3659
511	0	4095	748	260	3659
767	0	4095	909	278	3660
1023	0	4095	1096	303	3660
1279	0	4095	1299	333	3661
1535	0	4095	1512	369	3662
1791	0	4095	1732	409	3663
2047	0	4095	1955	453	3665
2303	0	4095	2182	500	3667
2559	0	4095	2411	549	3669
2815	0	4095	2641	600	3671
3071	0	4095	2873	652	3673
3327	0	4095	3105	706	3676
3583	0	4095	3338	761	3679
3839	0	4095	3572	816	3683
4095	0	4095	3806	873	3686
0	255	4095	566	403	3659
255	255	4095	644	407	3660
511	255	4095	762	415	3660
767	255	4095	921	427	3660
1023	255	4095	1106	445	3661
1279	255	4095	1307	467	3662
1535	255	4095	1519	494	3663
1791	255	4095	1737	525	3664
2047	255	4095	1960	560	3665
2303	255	4095	2186	599	3667
2559	255	4095	2414	640	3669
2815	255	4095	2644	684	3671
3071	255	4095	2875	730	3674
3327	255	4095	3108	778	3677
3583	255	4095	3341	828	3680
3839	255	4095	3574	879	3683
4095	255	4095	3808	931	3687
0	511	4095	600	597	3660
255	511	4095	673	600	3661
511	511	4095	787	606	3661
767	511	4095	941	614	3661
1023	511	4095	1122	627	3662
1279	511	4095	1320	643	3663
1535	511	4095	1530	663	3664
1791	511	4095	1747	686	3665
2047	511	4095	1968	713	3666
2303	511	4095	2193	744	3668
2559	511	4095	2421	777	3670
2815	511	4095	2650	813	3672
3071	511	4095	2881	852	3675
3327	511	4095	3112	893	3678
3583	511	4095	3345	936	3681
3839	511	4095	3578	981	3684
4095	511	4095	3812	1027	3688
0	767	4095	650	820	3662
255	767	4095	718	822	3662
511	767	4095	825	826	3663
767	767	4095	973	832	3663
1023	767	4095	1148	841	3664
1279	767	4095	1342	853	3664
1535	767	4095	1548	868	3665
1791	767	4095	1762	885	3667
2047	767	4095	1982	906	3668
2303	767	4095	2205	930	3670
2559	767	4095	2431	956	3672
2815	767	4095	2659	985	3674
3071	767	4095	2889	1016	3677
3327	767	4095	3120	1050	3679
3583	767	4095	3351	1086	3683
3839	767	4095	3584	1124	3686
4095	767	4095	3817	1164	3690
0	1023	4095	717	1055	3665
255	1023	4095	778	1057	3665
511	1023	4095	877	1060	3665
767	1023	4095	1017	1065	3665
1023	1023	4095	1185	1071	3666
1279	1023	4095	1373	1080	3667
1535	1023	4095	1574	1092	3668
1791	1023	4095	1784	1106	3669
2047	1023	4095	2001	1122	3671
2303	1023	4095	2221	1140	3672
2559	1023	4095	2446	1161	3674
2815	1023	4095	2672	1184	3676
3071	1023	4095	2901	1210	3679
3327	1023	4095	3130	1238	3682
3583	1023	4095	3361	1268	3685
3839	1023	4095	3593	1299	3688
4095	1023	4095	3825	1333	3692
0	1279	4095	796	1297	3668
255	1279	4095	852	1298	3668
511	1279	4095	942	1301	3668
767	1279	4095	1072	1304	3669
1023	1279	4095	1231	1310	3669
1279	1279	4095	1412	1317	3670
1535	1279	4095	1607	1326	3671
1791	1279	4095	1813	1337	3672
2047	1279	4095	2026	1350	3674
2303	1279	4095	2243	1365	3675
2559	1279	4095	2465	1382	3677
2815	1279	4095	2690	1401	3680
3071	1279	4095	2916	1422	3682
3327	1279	4095	3144	1445	3685
3583	1279	4095	3374	1470	3688
3839	1279	4095	3605	1496	3692
4095	1279	4095	3836	1525	3695
0	1535	4095	886	1542	3672
255	1535	4095	935	1544	3672
511	1535	4095	1018	1545	3672
767	1535	4095	1138	1548	3673
1023	1535	4095	1288	1553	3673
1279	1535	4095	1460	1559	3674
1535	1535	4095	1649	1566	3675
1791	1535	4095	1849	1575	3676
2047	1535	4095	2057	1586	3678
2303	1535	4095	2271	1598	3680
2559	1535	4095	2489	1612	3682
2815	1535	4095	2711	1628	3684
3071	1535	4095	2936	1645	3686
3327	1535	4095	3162	1664	3689
3583	1535	4095	3390	1685	3692
3839	1535	4095	3620	1708	3696
4095	1535	4095	3850	1733	3699
0	1791	4095	983	1790	3677
255	1791	4095	1028	1791	3677
511	1791	4095	1102	1792	3677
767	1791	4095	1213	1795	3678
1023	1791	4095	1353	1799	3678
1279	1791	4095	1517	1803	3679
1535	1791	4095	1698	1810	3680
1791	1791	4095	1891	1817	3681
2047	1791	4095	2094	1826	3683
2303	1791	4095	2304	1836	3685
2559	1791	4095	2519	1848	3687
2815	1791	4095	2738	1861	3689
3071	1791	4095	2960	1876	3691
3327	1791	4095	3184	1893	3694
3583	1791	4095	3410	1911	3697
3839	1791	4095	3638	1930	3701
4095	1791	4095	3867	1951	3704
0	2047	4095	1087	2039	3683
255	2047	4095	1127	2039	3683
511	2047	4095	1194	2041	3683
767	2047	4095	1296	2043	3684
1023	2047	4095	1427	2046	3684
1279	2047	4095	1581	2050	3685
1535	2047	4095	1754	2055	3686
1791	2047	4095	1941	2062	3687
2047	2047	4095	2138	2069	3689
2303	2047	4095	2343	2078	3690
2559	2047	4095	2554	2088	3692
2815	2047	4095	2769	2100	3695
3071	2047	4095	2988	2113	3697
3327	2047	4095	3210	2127	3700
3583	2047	4095	3434	2142	3703
3839	2047	4095	3659	2159	3707
4095	2047	4095	3887	2177	3710
0	2303	4095	1196	2288	3690
255	2303	4095	1231	2289	3690
511	2303	4095	1293	2290	3690
767	2303	4095	1385	2292	3691
1023	2303	4095	1507	2295	3691
1279	2303	4095	1653	2298	3692
1535	2303	4095	1817	2303	3693
1791	2303	4095	1997	2308	3694
2047	2303	4095	2188	2315	3696
2303	2303	4095	2387	2323	3697
2559	2303	4095	2593	2331	3699
2815	2303	4095	2805	2341	3702
3071	2303	4095	3020	2353	3704
3327	2303	4095	3239	2365	3707
3583	2303	4095	3461	2379	3710
3839	2303	4095	3684	2393	3713
4095	2303	4095	3910	2409	3717
0	2559	4095	1308	2539	3698
255	2559	4095	1340	2539	3698
511	2559	4095	1396	2540	3698
767	2559	4095	1481	2542	3699
1023	2559	4095	1594	2544	3699
1279	2559	4095	1731	2547	3700
1535	2559	4095	1887	2551	3701
1791	2559	4095	2059	2556	3702
2047	2559	4095	2243	2562	3704
2303	2559	4095	2437	2569	3705
2559	2559	4095	2638	2577	3707
2815	2559	4095	2846	2585	3710
3071	2559	4095	3057	2595	3712
3327	2559	4095	3273	2606	3715
3583	2559	4095	3492	2618	3718
3839	2559	4095	3713	2631	3721
4095	2559	4095	3936	2645	3725
0	2815	4095	1423	2790	3707
255	2815	4095	1452	2790	3707
511	2815	4095	1503	2791	3707
767	2815	4095	1581	2792	3708
1023	2815	4095	1686	2794	3708
1279	2815	4095	1814	2797	3709
1535	2815	4095	1962	2801	3710
1791	2815	4095	2127	2805	3711
2047	2815	4095	2304	2810	3713
2303	2815	4095	2492	2816	3715
2559	2815	4095	2688	2823	3716
2815	2815	4095	2891	2831	3719
3071	2815	4095	3099	2840	3721
3327	2815	4095	3311	2849	3724
3583	2815	4095	3527	2860	3727
3839	2815	4095	3745	2872	3730
4095	2815	4095	3966	2884	3734
0	3071	4095	1540	3041	3717
255	3071	4095	1567	3041	3717
511	3071	4095	1613	3042	3718
767	3071	4095	1685	3043	3718
1023	3071	4095	1783	3045	3719
1279	3071	4095	1903	3048	3719
1535	3071	4095	2043	3051	3720
1791	3071	4095	2200	3055	3722
2047	3071	4095	2371	3059	3723
2303	3071	4095	2552	3064	3725
2559	3071	4095	2743	3071	3727
2815	3071	4095	2941	3078	3729
3071	3071	4095	3145	3085	3731
3327	3071	4095	3353	3094	3734
3583	3071	4095	3565	3104	3737
3839	3071	4095	3781	3114	3741
4095	3071	4095	3999	3126	3744
0	3327	4095	1660	3292	3729
255	3327	4095	1684	3292	3729
511	3327	4095	1726	3293	3729
767	3327	4095	1793	3294	3729
1023	3327	4095	1883	3296	3730
1279	3327	4095	1996	3298	3731
1535	3327	4095	2129	3301	3732
1791	3327	4095	2278	3305	3733
2047	3327	4095	2442	3309	3734
2303	3327	4095	2618	3314	3736
2559	3327	4095	2803	3319	3738
2815	3327	4095	2995	3325	3740
3071	3327	4095	3195	3333	3743
3327	3327	4095	3399	3340	3745
3583	3327	4095	3608	3349	3748
3839	3327	4095	3820	3359	3752
4095	3327	4095	4036	3369	3755
0	3583	4095	1780	3544	3741
255	3583	4095	1802	3544	3741
511	3583	4095	1841	3545	3741
767	3583	4095	1903	3546	3742
1023	3583	4095	1987	3547	3742
1279	3583	4095	2093	3549	3743
1535	3583	4095	2219	3552	3744
1791	3583	4095	2361	3555	3745
2047	3583	4095	2518	3559	3747
2303	3583	4095	2687	3563	3748
2559	3583	4095	2866	3568	3750
2815	3583	4095	3054	3574	3753
3071	3583	4095	3249	3580	3755
3327	3583	4095	3449	3588	3758
3583	3583	4095	3654	3596	3761
3839	3583	4095	3863	3604	3764
4095	3583	4095	4076	3614	3768
0	3839	4095	1902	3795	3755
255	3839	4095	1922	3796	3755
511	3839	4095	1958	3796	3755
767	3839	4095	2016	3797	3755
1023	3839	4095	2094	3799	3756
1279	3839	4095	2194	3801	3757
1535	3839	4095	2312	3803	3758
1791	3839	4095	2448	3806	3759
2047	3839	4095	2598	3809	3760
2303	3839	4095	2761	3813	3762
2559	3839	4095	2935	3818	3764
2815	3839	4095	3117	3823	3766
3071	3839	4095	3307	3829	3769
3327	3839	4095	3503	3836	3771
3583	3839	4095	3704	3843	3774
3839	3839	4095	3910	3851	3778
4095	3839	4095	4095	3837	3759
0	4095	4095	2024	4047	3770
255	4095	4095	2043	4048	3770
511	4095	4095	2077	4048	3770
767	4095	4095	2130	4049	3770
1023	4095	4095	2204	4050	3771
1279	4095	4095	2297	4052	3772
1535	4095	4095	2409	4054	3773
1791	4095	4095	2539	4057	3774
2047	4095	4095	2682	4060	3775
2303	4095	4095	2839	4064	3777
2559	4095	4095	3007	4068	3779
2815	4095	4095	3184	4073	3781
3071	4095	4095	3369	4078	3783
3327	4095	4095	3560	4084	3786
3583	4095	4095	3758	4091	3789
3839	4095	4095	3957	4095	3790
4095	4095	4095	4095	4036	3732
